/*
SQLyog Community v13.1.1 (64 bit)
MySQL - 5.5.9-log : Database - characters
*********************************************************************
*/

/*!40101 SET NAMES utf8 */;

/*!40101 SET SQL_MODE=''*/;

/*!40014 SET @OLD_UNIQUE_CHECKS=@@UNIQUE_CHECKS, UNIQUE_CHECKS=0 */;
/*!40014 SET @OLD_FOREIGN_KEY_CHECKS=@@FOREIGN_KEY_CHECKS, FOREIGN_KEY_CHECKS=0 */;
/*!40101 SET @OLD_SQL_MODE=@@SQL_MODE, SQL_MODE='NO_AUTO_VALUE_ON_ZERO' */;
/*!40111 SET @OLD_SQL_NOTES=@@SQL_NOTES, SQL_NOTES=0 */;
CREATE DATABASE /*!32312 IF NOT EXISTS*/`characters` /*!40100 DEFAULT CHARACTER SET latin1 */;

USE `characters`;

/*Table structure for table `account_data` */

DROP TABLE IF EXISTS `account_data`;

CREATE TABLE `account_data` (
  `accountId` int(10) unsigned NOT NULL DEFAULT '0' COMMENT 'Account Identifier',
  `type` tinyint(3) unsigned NOT NULL DEFAULT '0',
  `time` int(10) unsigned NOT NULL DEFAULT '0',
  `data` blob NOT NULL,
  PRIMARY KEY (`accountId`,`type`)
) ENGINE=InnoDB DEFAULT CHARSET=utf8;

/*Data for the table `account_data` */

insert  into `account_data`(`accountId`,`type`,`time`,`data`) values 
(5,0,1557680759,'SET countdownForCooldowns \"1\"\r\nSET flaggedTutorials \"v##$##K##:##D##0##I##J##[##(##Y##)\"\r\nSET actionedAdventureJournalEntries \"v\"\r\nSET lockActionBars \"0\"\r\nSET alwaysShowActionBars \"1\"\r\nSET showNPETutorials \"0\"\r\nSET talentFrameShown \"1\"\r\nSET advJournalLastOpened \"1557680859\"\r\n'),
(6,0,1560787110,'SET flaggedTutorials \"v##$##K##[##A##B##E##+##,##;##%##)##=##(##-##.##<\"\r\nSET actionedAdventureJournalEntries \"v\"\r\nSET advJournalLastOpened \"1560786801\"\r\n');

/*Table structure for table `account_instance_times` */

DROP TABLE IF EXISTS `account_instance_times`;

CREATE TABLE `account_instance_times` (
  `accountId` int(10) unsigned NOT NULL,
  `instanceId` int(10) unsigned NOT NULL DEFAULT '0',
  `releaseTime` bigint(20) unsigned NOT NULL DEFAULT '0',
  PRIMARY KEY (`accountId`,`instanceId`)
) ENGINE=InnoDB DEFAULT CHARSET=utf8;

/*Data for the table `account_instance_times` */

/*Table structure for table `account_tutorial` */

DROP TABLE IF EXISTS `account_tutorial`;

CREATE TABLE `account_tutorial` (
  `accountId` int(10) unsigned NOT NULL DEFAULT '0' COMMENT 'Account Identifier',
  `tut0` int(10) unsigned NOT NULL DEFAULT '0',
  `tut1` int(10) unsigned NOT NULL DEFAULT '0',
  `tut2` int(10) unsigned NOT NULL DEFAULT '0',
  `tut3` int(10) unsigned NOT NULL DEFAULT '0',
  `tut4` int(10) unsigned NOT NULL DEFAULT '0',
  `tut5` int(10) unsigned NOT NULL DEFAULT '0',
  `tut6` int(10) unsigned NOT NULL DEFAULT '0',
  `tut7` int(10) unsigned NOT NULL DEFAULT '0',
  PRIMARY KEY (`accountId`)
) ENGINE=InnoDB DEFAULT CHARSET=utf8;

/*Data for the table `account_tutorial` */

insert  into `account_tutorial`(`accountId`,`tut0`,`tut1`,`tut2`,`tut3`,`tut4`,`tut5`,`tut6`,`tut7`) values 
(5,4194353,10485888,0,0,0,0,0,0),
(6,1669334963,130,0,0,0,0,0,0);

/*Table structure for table `arena_team` */

DROP TABLE IF EXISTS `arena_team`;

CREATE TABLE `arena_team` (
  `arenaTeamId` int(10) unsigned NOT NULL DEFAULT '0',
  `name` varchar(24) NOT NULL,
  `captainGuid` bigint(20) unsigned NOT NULL DEFAULT '0',
  `type` tinyint(3) unsigned NOT NULL DEFAULT '0',
  `rating` smallint(5) unsigned NOT NULL DEFAULT '0',
  `seasonGames` smallint(5) unsigned NOT NULL DEFAULT '0',
  `seasonWins` smallint(5) unsigned NOT NULL DEFAULT '0',
  `weekGames` smallint(5) unsigned NOT NULL DEFAULT '0',
  `weekWins` smallint(5) unsigned NOT NULL DEFAULT '0',
  `rank` int(10) unsigned NOT NULL DEFAULT '0',
  `backgroundColor` int(10) unsigned NOT NULL DEFAULT '0',
  `emblemStyle` tinyint(3) unsigned NOT NULL DEFAULT '0',
  `emblemColor` int(10) unsigned NOT NULL DEFAULT '0',
  `borderStyle` tinyint(3) unsigned NOT NULL DEFAULT '0',
  `borderColor` int(10) unsigned NOT NULL DEFAULT '0',
  PRIMARY KEY (`arenaTeamId`)
) ENGINE=InnoDB DEFAULT CHARSET=utf8;

/*Data for the table `arena_team` */

/*Table structure for table `arena_team_member` */

DROP TABLE IF EXISTS `arena_team_member`;

CREATE TABLE `arena_team_member` (
  `arenaTeamId` int(10) unsigned NOT NULL DEFAULT '0',
  `guid` bigint(20) unsigned NOT NULL DEFAULT '0',
  `weekGames` smallint(5) unsigned NOT NULL DEFAULT '0',
  `weekWins` smallint(5) unsigned NOT NULL DEFAULT '0',
  `seasonGames` smallint(5) unsigned NOT NULL DEFAULT '0',
  `seasonWins` smallint(5) unsigned NOT NULL DEFAULT '0',
  `personalRating` smallint(5) unsigned NOT NULL DEFAULT '0',
  PRIMARY KEY (`arenaTeamId`,`guid`)
) ENGINE=InnoDB DEFAULT CHARSET=utf8;

/*Data for the table `arena_team_member` */

/*Table structure for table `auctionhouse` */

DROP TABLE IF EXISTS `auctionhouse`;

CREATE TABLE `auctionhouse` (
  `id` int(10) unsigned NOT NULL DEFAULT '0',
  `auctioneerguid` bigint(20) unsigned NOT NULL DEFAULT '0',
  `itemguid` bigint(20) unsigned NOT NULL DEFAULT '0',
  `itemowner` bigint(20) unsigned NOT NULL DEFAULT '0',
  `buyoutprice` bigint(20) unsigned NOT NULL DEFAULT '0',
  `time` int(10) unsigned NOT NULL DEFAULT '0',
  `buyguid` bigint(20) unsigned NOT NULL DEFAULT '0',
  `lastbid` bigint(20) unsigned NOT NULL DEFAULT '0',
  `startbid` bigint(20) unsigned NOT NULL DEFAULT '0',
  `deposit` bigint(20) unsigned NOT NULL DEFAULT '0',
  PRIMARY KEY (`id`),
  UNIQUE KEY `item_guid` (`itemguid`)
) ENGINE=InnoDB DEFAULT CHARSET=utf8;

/*Data for the table `auctionhouse` */

/*Table structure for table `blackmarket_auctions` */

DROP TABLE IF EXISTS `blackmarket_auctions`;

CREATE TABLE `blackmarket_auctions` (
  `marketId` int(10) NOT NULL DEFAULT '0',
  `currentBid` bigint(20) unsigned NOT NULL DEFAULT '0',
  `time` int(10) NOT NULL DEFAULT '0',
  `numBids` int(10) NOT NULL DEFAULT '0',
  `bidder` bigint(20) unsigned NOT NULL DEFAULT '0',
  PRIMARY KEY (`marketId`)
) ENGINE=InnoDB DEFAULT CHARSET=utf8;

/*Data for the table `blackmarket_auctions` */

insert  into `blackmarket_auctions`(`marketId`,`currentBid`,`time`,`numBids`,`bidder`) values 
(3,0,1560872226,0,0),
(15,0,1560872226,0,0),
(21,0,1560872226,0,0),
(44,0,1560872226,0,0),
(46,0,1560872226,0,0),
(55,0,1560872226,0,0),
(57,0,1560872226,0,0),
(63,0,1560872226,0,0),
(71,0,1560872226,0,0),
(74,0,1560872226,0,0),
(75,0,1560872226,0,0),
(77,0,1560872226,0,0);

/*Table structure for table `bugreport` */

DROP TABLE IF EXISTS `bugreport`;

CREATE TABLE `bugreport` (
  `id` int(10) unsigned NOT NULL AUTO_INCREMENT COMMENT 'Identifier',
  `type` longtext NOT NULL,
  `content` longtext NOT NULL,
  PRIMARY KEY (`id`)
) ENGINE=InnoDB DEFAULT CHARSET=utf8 COMMENT='Debug System';

/*Data for the table `bugreport` */

/*Table structure for table `calendar_events` */

DROP TABLE IF EXISTS `calendar_events`;

CREATE TABLE `calendar_events` (
  `EventID` bigint(20) unsigned NOT NULL DEFAULT '0',
  `Owner` bigint(20) unsigned NOT NULL DEFAULT '0',
  `Title` varchar(255) NOT NULL DEFAULT '',
  `Description` varchar(255) NOT NULL DEFAULT '',
  `EventType` tinyint(1) unsigned NOT NULL DEFAULT '4',
  `TextureID` int(10) NOT NULL DEFAULT '-1',
  `Date` int(10) unsigned NOT NULL DEFAULT '0',
  `Flags` int(10) unsigned NOT NULL DEFAULT '0',
  `LockDate` int(10) unsigned NOT NULL DEFAULT '0',
  PRIMARY KEY (`EventID`)
) ENGINE=InnoDB DEFAULT CHARSET=utf8;

/*Data for the table `calendar_events` */

/*Table structure for table `calendar_invites` */

DROP TABLE IF EXISTS `calendar_invites`;

CREATE TABLE `calendar_invites` (
  `InviteID` bigint(20) unsigned NOT NULL DEFAULT '0',
  `EventID` bigint(20) unsigned NOT NULL DEFAULT '0',
  `Invitee` bigint(20) unsigned NOT NULL DEFAULT '0',
  `Sender` bigint(20) unsigned NOT NULL DEFAULT '0',
  `Status` tinyint(1) unsigned NOT NULL DEFAULT '0',
  `ResponseTime` int(10) unsigned NOT NULL DEFAULT '0',
  `ModerationRank` tinyint(1) unsigned NOT NULL DEFAULT '0',
  `Note` varchar(255) NOT NULL DEFAULT '',
  PRIMARY KEY (`InviteID`)
) ENGINE=InnoDB DEFAULT CHARSET=utf8;

/*Data for the table `calendar_invites` */

/*Table structure for table `channels` */

DROP TABLE IF EXISTS `channels`;

CREATE TABLE `channels` (
  `name` varchar(128) NOT NULL,
  `team` int(10) unsigned NOT NULL,
  `announce` tinyint(3) unsigned NOT NULL DEFAULT '1',
  `ownership` tinyint(3) unsigned NOT NULL DEFAULT '1',
  `password` varchar(32) DEFAULT NULL,
  `bannedList` text,
  `lastUsed` int(10) unsigned NOT NULL,
  PRIMARY KEY (`name`,`team`)
) ENGINE=InnoDB DEFAULT CHARSET=utf8 COMMENT='Channel System';

/*Data for the table `channels` */

/*Table structure for table `character_account_data` */

DROP TABLE IF EXISTS `character_account_data`;

CREATE TABLE `character_account_data` (
  `guid` bigint(20) unsigned NOT NULL DEFAULT '0',
  `type` tinyint(3) unsigned NOT NULL DEFAULT '0',
  `time` int(10) unsigned NOT NULL DEFAULT '0',
  `data` blob NOT NULL,
  PRIMARY KEY (`guid`,`type`)
) ENGINE=InnoDB DEFAULT CHARSET=utf8;

/*Data for the table `character_account_data` */

insert  into `character_account_data`(`guid`,`type`,`time`,`data`) values 
(1,1,1557680759,'SET autoQuestPopUps \"v\"\r\nSET trackedQuests \"v\"\r\nSET hardTrackedQuests \"v\"\r\nSET trackedWorldQuests \"v\"\r\nSET hardTrackedWorldQuests \"v\"\r\nSET trackedAchievements \"v\"\r\nSET cameraSavedDistance \"5.550000\"\r\nSET cameraSavedPitch \"10.299994\"\r\nSET currencyCategoriesCollapsed \"v\"\r\nSET minimapShapeshiftTracking \"v\"\r\nSET reputationsCollapsed \"v##$\"\r\nSET activeCUFProfile \"Основной\"\r\nSET closedInfoFrames \"J\"\r\nSET EJLootClass \"1\"\r\nSET splashScreenNormal \"13\"\r\n'),
(1,7,1557680316,'VERSION 6\n\nADDEDVERSION 21\n\nCHANNELS\nОбщий 0 1 0\nТорговля 0 2 0\nОборонаЛокальный 0 3 0\nEND\n\nZONECHANNELS 0\n\nCOLORS\n\nSYSTEM 255 255 0 N\nSAY 255 255 255 N\nPARTY 170 170 255 N\nRAID 255 127 0 N\nGUILD 64 255 64 N\nOFFICER 64 192 64 N\nYELL 255 64 64 N\nWHISPER 255 128 255 N\nWHISPER_FOREIGN 255 128 255 N\nWHISPER_INFORM 255 128 255 N\nEMOTE 255 128 64 N\nTEXT_EMOTE 255 128 64 N\nMONSTER_SAY 255 255 159 N\nMONSTER_PARTY 170 170 255 N\nMONSTER_YELL 255 64 64 N\nMONSTER_WHISPER 255 181 235 N\nMONSTER_EMOTE 255 128 64 N\nCHANNEL 255 192 192 N\nCHANNEL_JOIN 192 128 128 N\nCHANNEL_LEAVE 192 128 128 N\nCHANNEL_LIST 192 128 128 N\nCHANNEL_NOTICE 192 192 192 N\nCHANNEL_NOTICE_USER 192 192 192 N\nAFK 255 128 255 N\nDND 255 128 255 N\nIGNORED 255 0 0 N\nSKILL 85 85 255 N\nLOOT 0 170 0 N\nMONEY 255 255 0 N\nOPENING 128 128 255 N\nTRADESKILLS 255 255 255 N\nPET_INFO 128 128 255 N\nCOMBAT_MISC_INFO 128 128 255 N\nCOMBAT_XP_GAIN 111 111 255 N\nCOMBAT_HONOR_GAIN 224 202 10 N\nCOMBAT_FACTION_CHANGE 128 128 255 N\nBG_SYSTEM_NEUTRAL 255 120 10 N\nBG_SYSTEM_ALLIANCE 0 174 239 N\nBG_SYSTEM_HORDE 255 0 0 N\nRAID_LEADER 255 72 9 N\nRAID_WARNING 255 72 0 N\nRAID_BOSS_EMOTE 255 221 0 N\nRAID_BOSS_WHISPER 255 221 0 N\nFILTERED 255 0 0 N\nRESTRICTED 255 0 0 N\nBATTLENET 255 255 255 N\nACHIEVEMENT 255 255 0 N\nGUILD_ACHIEVEMENT 64 255 64 N\nARENA_POINTS 255 255 255 N\nPARTY_LEADER 118 200 255 N\nTARGETICONS 255 255 0 N\nBN_WHISPER 0 255 246 N\nBN_WHISPER_INFORM 0 255 246 N\nBN_INLINE_TOAST_ALERT 130 197 255 N\nBN_INLINE_TOAST_BROADCAST 130 197 255 N\nBN_INLINE_TOAST_BROADCAST_INFORM 130 197 255 N\nBN_INLINE_TOAST_CONVERSATION 130 197 255 N\nBN_WHISPER_PLAYER_OFFLINE 255 255 0 N\nCURRENCY 0 170 0 N\nQUEST_BOSS_EMOTE 255 128 64 N\nPET_BATTLE_COMBAT_LOG 231 222 171 N\nPET_BATTLE_INFO 225 222 93 N\nINSTANCE_CHAT 255 127 0 N\nINSTANCE_CHAT_LEADER 255 72 9 N\nGUILD_ITEM_LOOTED 64 255 64 N\nCOMMUNITIES_CHANNEL 255 192 192 N\nCHANNEL1 255 192 192 N\nCHANNEL2 255 192 192 N\nCHANNEL3 255 192 192 N\nCHANNEL4 255 192 192 N\nCHANNEL5 255 192 192 N\nCHANNEL6 255 192 192 N\nCHANNEL7 255 192 192 N\nCHANNEL8 255 192 192 N\nCHANNEL9 255 192 192 N\nCHANNEL10 255 192 192 N\nCHANNEL11 255 192 192 N\nCHANNEL12 255 192 192 N\nCHANNEL13 255 192 192 N\nCHANNEL14 255 192 192 N\nCHANNEL15 255 192 192 N\nCHANNEL16 255 192 192 N\nCHANNEL17 255 192 192 N\nCHANNEL18 255 192 192 N\nCHANNEL19 255 192 192 N\nCHANNEL20 255 192 192 N\nEND\n\nWINDOW 1\nNAME Общий\nSIZE 0\nCOLOR 0 0 0 40\nLOCKED 1\nUNINTERACTABLE 0\nDOCKED 1\nSHOWN 1\nMESSAGES\nSYSTEM\nSYSTEM_NOMENU\nSAY\nEMOTE\nYELL\nWHISPER\nPARTY\nPARTY_LEADER\nRAID\nRAID_LEADER\nRAID_WARNING\nGUILD\nOFFICER\nMONSTER_SAY\nMONSTER_YELL\nMONSTER_EMOTE\nMONSTER_WHISPER\nMONSTER_BOSS_EMOTE\nMONSTER_BOSS_WHISPER\nERRORS\nAFK\nDND\nIGNORED\nBG_HORDE\nBG_ALLIANCE\nBG_NEUTRAL\nCOMBAT_FACTION_CHANGE\nSKILL\nLOOT\nMONEY\nCHANNEL\nACHIEVEMENT\nGUILD_ACHIEVEMENT\nBN_WHISPER\nBN_WHISPER_INFORM\nBN_CONVERSATION\nBN_INLINE_TOAST_ALERT\nCURRENCY\nBN_WHISPER_PLAYER_OFFLINE\nPET_BATTLE_INFO\nINSTANCE_CHAT\nINSTANCE_CHAT_LEADER\nGUILD_ITEM_LOOTED\nCOMBAT_HONOR_GAIN\nEND\n\nCHANNELS\nEND\n\nZONECHANNELS 2097155\n\nEND\n\nWINDOW 2\nNAME Журнал боя\nSIZE 0\nCOLOR 0 0 0 40\nLOCKED 1\nUNINTERACTABLE 0\nDOCKED 2\nSHOWN 0\nMESSAGES\nOPENING\nTRADESKILLS\nPET_INFO\nCOMBAT_XP_GAIN\nCOMBAT_HONOR_GAIN\nCOMBAT_MISC_INFO\nEND\n\nCHANNELS\nEND\n\nZONECHANNELS 0\n\nEND\n\nWINDOW 3\nSIZE 0\nCOLOR 0 0 0 40\nLOCKED 1\nUNINTERACTABLE 0\nDOCKED 0\nSHOWN 0\nMESSAGES\nEND\n\nCHANNELS\nEND\n\nZONECHANNELS 0\n\nEND\n\nWINDOW 4\nSIZE 0\nCOLOR 0 0 0 40\nLOCKED 1\nUNINTERACTABLE 0\nDOCKED 0\nSHOWN 0\nMESSAGES\nEND\n\nCHANNELS\nEND\n\nZONECHANNELS 0\n\nEND\n\nWINDOW 5\nSIZE 0\nCOLOR 0 0 0 40\nLOCKED 1\nUNINTERACTABLE 0\nDOCKED 0\nSHOWN 0\nMESSAGES\nEND\n\nCHANNELS\nEND\n\nZONECHANNELS 0\n\nEND\n\nWINDOW 6\nSIZE 0\nCOLOR 0 0 0 40\nLOCKED 1\nUNINTERACTABLE 0\nDOCKED 0\nSHOWN 0\nMESSAGES\nEND\n\nCHANNELS\nEND\n\nZONECHANNELS 0\n\nEND\n\nWINDOW 7\nSIZE 0\nCOLOR 0 0 0 40\nLOCKED 1\nUNINTERACTABLE 0\nDOCKED 0\nSHOWN 0\nMESSAGES\nEND\n\nCHANNELS\nEND\n\nZONECHANNELS 0\n\nEND\n\nWINDOW 8\nSIZE 0\nCOLOR 0 0 0 40\nLOCKED 1\nUNINTERACTABLE 0\nDOCKED 0\nSHOWN 0\nMESSAGES\nEND\n\nCHANNELS\nEND\n\nZONECHANNELS 0\n\nEND\n\nWINDOW 9\nSIZE 0\nCOLOR 0 0 0 40\nLOCKED 1\nUNINTERACTABLE 0\nDOCKED 0\nSHOWN 0\nMESSAGES\nEND\n\nCHANNELS\nEND\n\nZONECHANNELS 0\n\nEND\n\nWINDOW 10\nSIZE 0\nCOLOR 0 0 0 40\nLOCKED 1\nUNINTERACTABLE 0\nDOCKED 0\nSHOWN 0\nMESSAGES\nEND\n\nCHANNELS\nEND\n\nZONECHANNELS 0\n\nEND\n\n'),
(2,1,1560786692,'SET autoQuestPopUps \"v\"\r\nSET trackedQuests \"v\"\r\nSET hardTrackedQuests \"v\"\r\nSET trackedWorldQuests \"v\"\r\nSET hardTrackedWorldQuests \"v\"\r\nSET trackedAchievements \"v\"\r\nSET cameraSavedDistance \"5.550000\"\r\nSET cameraSavedPitch \"12.900004\"\r\nSET currencyCategoriesCollapsed \"v\"\r\nSET minimapShapeshiftTracking \"v\"\r\nSET reputationsCollapsed \"v##$\"\r\nSET activeCUFProfile \"Основной\"\r\nSET closedInfoFrames \"XAF@@P\"\r\nSET EJLootClass \"8\"\r\nSET splashScreenNormal \"13\"\r\n'),
(2,7,1560786692,'VERSION 6\n\nADDEDVERSION 21\n\nCHANNELS\nОбщий 0 1 0\nТорговля 0 2 0\nОборонаЛокальный 0 3 0\nEND\n\nZONECHANNELS 0\n\nCOLORS\n\nSYSTEM 255 255 0 N\nSAY 255 255 255 N\nPARTY 170 170 255 N\nRAID 255 127 0 N\nGUILD 64 255 64 N\nOFFICER 64 192 64 N\nYELL 255 64 64 N\nWHISPER 255 128 255 N\nWHISPER_FOREIGN 255 128 255 N\nWHISPER_INFORM 255 128 255 N\nEMOTE 255 128 64 N\nTEXT_EMOTE 255 128 64 N\nMONSTER_SAY 255 255 159 N\nMONSTER_PARTY 170 170 255 N\nMONSTER_YELL 255 64 64 N\nMONSTER_WHISPER 255 181 235 N\nMONSTER_EMOTE 255 128 64 N\nCHANNEL 255 192 192 N\nCHANNEL_JOIN 192 128 128 N\nCHANNEL_LEAVE 192 128 128 N\nCHANNEL_LIST 192 128 128 N\nCHANNEL_NOTICE 192 192 192 N\nCHANNEL_NOTICE_USER 192 192 192 N\nAFK 255 128 255 N\nDND 255 128 255 N\nIGNORED 255 0 0 N\nSKILL 85 85 255 N\nLOOT 0 170 0 N\nMONEY 255 255 0 N\nOPENING 128 128 255 N\nTRADESKILLS 255 255 255 N\nPET_INFO 128 128 255 N\nCOMBAT_MISC_INFO 128 128 255 N\nCOMBAT_XP_GAIN 111 111 255 N\nCOMBAT_HONOR_GAIN 224 202 10 N\nCOMBAT_FACTION_CHANGE 128 128 255 N\nBG_SYSTEM_NEUTRAL 255 120 10 N\nBG_SYSTEM_ALLIANCE 0 174 239 N\nBG_SYSTEM_HORDE 255 0 0 N\nRAID_LEADER 255 72 9 N\nRAID_WARNING 255 72 0 N\nRAID_BOSS_EMOTE 255 221 0 N\nRAID_BOSS_WHISPER 255 221 0 N\nFILTERED 255 0 0 N\nRESTRICTED 255 0 0 N\nBATTLENET 255 255 255 N\nACHIEVEMENT 255 255 0 N\nGUILD_ACHIEVEMENT 64 255 64 N\nARENA_POINTS 255 255 255 N\nPARTY_LEADER 118 200 255 N\nTARGETICONS 255 255 0 N\nBN_WHISPER 0 255 246 N\nBN_WHISPER_INFORM 0 255 246 N\nBN_INLINE_TOAST_ALERT 130 197 255 N\nBN_INLINE_TOAST_BROADCAST 130 197 255 N\nBN_INLINE_TOAST_BROADCAST_INFORM 130 197 255 N\nBN_INLINE_TOAST_CONVERSATION 130 197 255 N\nBN_WHISPER_PLAYER_OFFLINE 255 255 0 N\nCURRENCY 0 170 0 N\nQUEST_BOSS_EMOTE 255 128 64 N\nPET_BATTLE_COMBAT_LOG 231 222 171 N\nPET_BATTLE_INFO 225 222 93 N\nINSTANCE_CHAT 255 127 0 N\nINSTANCE_CHAT_LEADER 255 72 9 N\nGUILD_ITEM_LOOTED 64 255 64 N\nCOMMUNITIES_CHANNEL 255 192 192 N\nCHANNEL1 255 192 192 N\nCHANNEL2 255 192 192 N\nCHANNEL3 255 192 192 N\nCHANNEL4 255 192 192 N\nCHANNEL5 255 192 192 N\nCHANNEL6 255 192 192 N\nCHANNEL7 255 192 192 N\nCHANNEL8 255 192 192 N\nCHANNEL9 255 192 192 N\nCHANNEL10 255 192 192 N\nCHANNEL11 255 192 192 N\nCHANNEL12 255 192 192 N\nCHANNEL13 255 192 192 N\nCHANNEL14 255 192 192 N\nCHANNEL15 255 192 192 N\nCHANNEL16 255 192 192 N\nCHANNEL17 255 192 192 N\nCHANNEL18 255 192 192 N\nCHANNEL19 255 192 192 N\nCHANNEL20 255 192 192 N\nEND\n\nWINDOW 1\nNAME Общий\nSIZE 0\nCOLOR 0 0 0 40\nLOCKED 1\nUNINTERACTABLE 0\nDOCKED 1\nSHOWN 1\nMESSAGES\nSYSTEM\nSYSTEM_NOMENU\nSAY\nEMOTE\nYELL\nWHISPER\nPARTY\nPARTY_LEADER\nRAID\nRAID_LEADER\nRAID_WARNING\nGUILD\nOFFICER\nMONSTER_SAY\nMONSTER_YELL\nMONSTER_EMOTE\nMONSTER_WHISPER\nMONSTER_BOSS_EMOTE\nMONSTER_BOSS_WHISPER\nERRORS\nAFK\nDND\nIGNORED\nBG_HORDE\nBG_ALLIANCE\nBG_NEUTRAL\nCOMBAT_FACTION_CHANGE\nSKILL\nLOOT\nMONEY\nCHANNEL\nACHIEVEMENT\nGUILD_ACHIEVEMENT\nBN_WHISPER\nBN_WHISPER_INFORM\nBN_CONVERSATION\nBN_INLINE_TOAST_ALERT\nCURRENCY\nBN_WHISPER_PLAYER_OFFLINE\nPET_BATTLE_INFO\nINSTANCE_CHAT\nINSTANCE_CHAT_LEADER\nGUILD_ITEM_LOOTED\nCOMBAT_HONOR_GAIN\nEND\n\nCHANNELS\nEND\n\nZONECHANNELS 2097155\n\nEND\n\nWINDOW 2\nNAME Журнал боя\nSIZE 0\nCOLOR 0 0 0 40\nLOCKED 1\nUNINTERACTABLE 0\nDOCKED 2\nSHOWN 0\nMESSAGES\nOPENING\nTRADESKILLS\nPET_INFO\nCOMBAT_XP_GAIN\nCOMBAT_HONOR_GAIN\nCOMBAT_MISC_INFO\nEND\n\nCHANNELS\nEND\n\nZONECHANNELS 0\n\nEND\n\nWINDOW 3\nSIZE 0\nCOLOR 0 0 0 40\nLOCKED 1\nUNINTERACTABLE 0\nDOCKED 0\nSHOWN 0\nMESSAGES\nEND\n\nCHANNELS\nEND\n\nZONECHANNELS 0\n\nEND\n\nWINDOW 4\nSIZE 0\nCOLOR 0 0 0 40\nLOCKED 1\nUNINTERACTABLE 0\nDOCKED 0\nSHOWN 0\nMESSAGES\nEND\n\nCHANNELS\nEND\n\nZONECHANNELS 0\n\nEND\n\nWINDOW 5\nSIZE 0\nCOLOR 0 0 0 40\nLOCKED 1\nUNINTERACTABLE 0\nDOCKED 0\nSHOWN 0\nMESSAGES\nEND\n\nCHANNELS\nEND\n\nZONECHANNELS 0\n\nEND\n\nWINDOW 6\nSIZE 0\nCOLOR 0 0 0 40\nLOCKED 1\nUNINTERACTABLE 0\nDOCKED 0\nSHOWN 0\nMESSAGES\nEND\n\nCHANNELS\nEND\n\nZONECHANNELS 0\n\nEND\n\nWINDOW 7\nSIZE 0\nCOLOR 0 0 0 40\nLOCKED 1\nUNINTERACTABLE 0\nDOCKED 0\nSHOWN 0\nMESSAGES\nEND\n\nCHANNELS\nEND\n\nZONECHANNELS 0\n\nEND\n\nWINDOW 8\nSIZE 0\nCOLOR 0 0 0 40\nLOCKED 1\nUNINTERACTABLE 0\nDOCKED 0\nSHOWN 0\nMESSAGES\nEND\n\nCHANNELS\nEND\n\nZONECHANNELS 0\n\nEND\n\nWINDOW 9\nSIZE 0\nCOLOR 0 0 0 40\nLOCKED 1\nUNINTERACTABLE 0\nDOCKED 0\nSHOWN 0\nMESSAGES\nEND\n\nCHANNELS\nEND\n\nZONECHANNELS 0\n\nEND\n\nWINDOW 10\nSIZE 0\nCOLOR 0 0 0 40\nLOCKED 1\nUNINTERACTABLE 0\nDOCKED 0\nSHOWN 0\nMESSAGES\nEND\n\nCHANNELS\nEND\n\nZONECHANNELS 0\n\nEND\n\n'),
(3,1,1560787110,'SET autoQuestPopUps \"v\"\r\nSET trackedQuests \"v&5T\"\r\nSET hardTrackedQuests \"v\"\r\nSET trackedWorldQuests \"v\"\r\nSET hardTrackedWorldQuests \"v\"\r\nSET trackedAchievements \"v\"\r\nSET cameraSavedDistance \"5.550000\"\r\nSET cameraSavedPitch \"16.000010\"\r\nSET currencyCategoriesCollapsed \"v\"\r\nSET minimapShapeshiftTracking \"v\"\r\nSET reputationsCollapsed \"v##$\"\r\nSET activeCUFProfile \"Основной\"\r\nSET EJLootClass \"8\"\r\n'),
(3,7,1560787110,'VERSION 6\n\nADDEDVERSION 21\n\nCHANNELS\nОбщий 0 1 0\nТорговля 0 2 0\nОборонаЛокальный 0 3 0\nEND\n\nZONECHANNELS 0\n\nCOLORS\n\nSYSTEM 255 255 0 N\nSAY 255 255 255 N\nPARTY 170 170 255 N\nRAID 255 127 0 N\nGUILD 64 255 64 N\nOFFICER 64 192 64 N\nYELL 255 64 64 N\nWHISPER 255 128 255 N\nWHISPER_FOREIGN 255 128 255 N\nWHISPER_INFORM 255 128 255 N\nEMOTE 255 128 64 N\nTEXT_EMOTE 255 128 64 N\nMONSTER_SAY 255 255 159 N\nMONSTER_PARTY 170 170 255 N\nMONSTER_YELL 255 64 64 N\nMONSTER_WHISPER 255 181 235 N\nMONSTER_EMOTE 255 128 64 N\nCHANNEL 255 192 192 N\nCHANNEL_JOIN 192 128 128 N\nCHANNEL_LEAVE 192 128 128 N\nCHANNEL_LIST 192 128 128 N\nCHANNEL_NOTICE 192 192 192 N\nCHANNEL_NOTICE_USER 192 192 192 N\nAFK 255 128 255 N\nDND 255 128 255 N\nIGNORED 255 0 0 N\nSKILL 85 85 255 N\nLOOT 0 170 0 N\nMONEY 255 255 0 N\nOPENING 128 128 255 N\nTRADESKILLS 255 255 255 N\nPET_INFO 128 128 255 N\nCOMBAT_MISC_INFO 128 128 255 N\nCOMBAT_XP_GAIN 111 111 255 N\nCOMBAT_HONOR_GAIN 224 202 10 N\nCOMBAT_FACTION_CHANGE 128 128 255 N\nBG_SYSTEM_NEUTRAL 255 120 10 N\nBG_SYSTEM_ALLIANCE 0 174 239 N\nBG_SYSTEM_HORDE 255 0 0 N\nRAID_LEADER 255 72 9 N\nRAID_WARNING 255 72 0 N\nRAID_BOSS_EMOTE 255 221 0 N\nRAID_BOSS_WHISPER 255 221 0 N\nFILTERED 255 0 0 N\nRESTRICTED 255 0 0 N\nBATTLENET 255 255 255 N\nACHIEVEMENT 255 255 0 N\nGUILD_ACHIEVEMENT 64 255 64 N\nARENA_POINTS 255 255 255 N\nPARTY_LEADER 118 200 255 N\nTARGETICONS 255 255 0 N\nBN_WHISPER 0 255 246 N\nBN_WHISPER_INFORM 0 255 246 N\nBN_INLINE_TOAST_ALERT 130 197 255 N\nBN_INLINE_TOAST_BROADCAST 130 197 255 N\nBN_INLINE_TOAST_BROADCAST_INFORM 130 197 255 N\nBN_INLINE_TOAST_CONVERSATION 130 197 255 N\nBN_WHISPER_PLAYER_OFFLINE 255 255 0 N\nCURRENCY 0 170 0 N\nQUEST_BOSS_EMOTE 255 128 64 N\nPET_BATTLE_COMBAT_LOG 231 222 171 N\nPET_BATTLE_INFO 225 222 93 N\nINSTANCE_CHAT 255 127 0 N\nINSTANCE_CHAT_LEADER 255 72 9 N\nGUILD_ITEM_LOOTED 64 255 64 N\nCOMMUNITIES_CHANNEL 255 192 192 N\nCHANNEL1 255 192 192 N\nCHANNEL2 255 192 192 N\nCHANNEL3 255 192 192 N\nCHANNEL4 255 192 192 N\nCHANNEL5 255 192 192 N\nCHANNEL6 255 192 192 N\nCHANNEL7 255 192 192 N\nCHANNEL8 255 192 192 N\nCHANNEL9 255 192 192 N\nCHANNEL10 255 192 192 N\nCHANNEL11 255 192 192 N\nCHANNEL12 255 192 192 N\nCHANNEL13 255 192 192 N\nCHANNEL14 255 192 192 N\nCHANNEL15 255 192 192 N\nCHANNEL16 255 192 192 N\nCHANNEL17 255 192 192 N\nCHANNEL18 255 192 192 N\nCHANNEL19 255 192 192 N\nCHANNEL20 255 192 192 N\nEND\n\nWINDOW 1\nNAME Общий\nSIZE 0\nCOLOR 0 0 0 40\nLOCKED 1\nUNINTERACTABLE 0\nDOCKED 1\nSHOWN 1\nMESSAGES\nSYSTEM\nSYSTEM_NOMENU\nSAY\nEMOTE\nYELL\nWHISPER\nPARTY\nPARTY_LEADER\nRAID\nRAID_LEADER\nRAID_WARNING\nGUILD\nOFFICER\nMONSTER_SAY\nMONSTER_YELL\nMONSTER_EMOTE\nMONSTER_WHISPER\nMONSTER_BOSS_EMOTE\nMONSTER_BOSS_WHISPER\nERRORS\nAFK\nDND\nIGNORED\nBG_HORDE\nBG_ALLIANCE\nBG_NEUTRAL\nCOMBAT_FACTION_CHANGE\nSKILL\nLOOT\nMONEY\nCHANNEL\nACHIEVEMENT\nGUILD_ACHIEVEMENT\nBN_WHISPER\nBN_WHISPER_INFORM\nBN_CONVERSATION\nBN_INLINE_TOAST_ALERT\nCURRENCY\nBN_WHISPER_PLAYER_OFFLINE\nPET_BATTLE_INFO\nINSTANCE_CHAT\nINSTANCE_CHAT_LEADER\nGUILD_ITEM_LOOTED\nCOMBAT_HONOR_GAIN\nEND\n\nCHANNELS\nEND\n\nZONECHANNELS 2097155\n\nEND\n\nWINDOW 2\nNAME Журнал боя\nSIZE 0\nCOLOR 0 0 0 40\nLOCKED 1\nUNINTERACTABLE 0\nDOCKED 2\nSHOWN 0\nMESSAGES\nOPENING\nTRADESKILLS\nPET_INFO\nCOMBAT_XP_GAIN\nCOMBAT_HONOR_GAIN\nCOMBAT_MISC_INFO\nEND\n\nCHANNELS\nEND\n\nZONECHANNELS 0\n\nEND\n\nWINDOW 3\nSIZE 0\nCOLOR 0 0 0 40\nLOCKED 1\nUNINTERACTABLE 0\nDOCKED 0\nSHOWN 0\nMESSAGES\nEND\n\nCHANNELS\nEND\n\nZONECHANNELS 0\n\nEND\n\nWINDOW 4\nSIZE 0\nCOLOR 0 0 0 40\nLOCKED 1\nUNINTERACTABLE 0\nDOCKED 0\nSHOWN 0\nMESSAGES\nEND\n\nCHANNELS\nEND\n\nZONECHANNELS 0\n\nEND\n\nWINDOW 5\nSIZE 0\nCOLOR 0 0 0 40\nLOCKED 1\nUNINTERACTABLE 0\nDOCKED 0\nSHOWN 0\nMESSAGES\nEND\n\nCHANNELS\nEND\n\nZONECHANNELS 0\n\nEND\n\nWINDOW 6\nSIZE 0\nCOLOR 0 0 0 40\nLOCKED 1\nUNINTERACTABLE 0\nDOCKED 0\nSHOWN 0\nMESSAGES\nEND\n\nCHANNELS\nEND\n\nZONECHANNELS 0\n\nEND\n\nWINDOW 7\nSIZE 0\nCOLOR 0 0 0 40\nLOCKED 1\nUNINTERACTABLE 0\nDOCKED 0\nSHOWN 0\nMESSAGES\nEND\n\nCHANNELS\nEND\n\nZONECHANNELS 0\n\nEND\n\nWINDOW 8\nSIZE 0\nCOLOR 0 0 0 40\nLOCKED 1\nUNINTERACTABLE 0\nDOCKED 0\nSHOWN 0\nMESSAGES\nEND\n\nCHANNELS\nEND\n\nZONECHANNELS 0\n\nEND\n\nWINDOW 9\nSIZE 0\nCOLOR 0 0 0 40\nLOCKED 1\nUNINTERACTABLE 0\nDOCKED 0\nSHOWN 0\nMESSAGES\nEND\n\nCHANNELS\nEND\n\nZONECHANNELS 0\n\nEND\n\nWINDOW 10\nSIZE 0\nCOLOR 0 0 0 40\nLOCKED 1\nUNINTERACTABLE 0\nDOCKED 0\nSHOWN 0\nMESSAGES\nEND\n\nCHANNELS\nEND\n\nZONECHANNELS 0\n\nEND\n\n');

/*Table structure for table `character_achievement` */

DROP TABLE IF EXISTS `character_achievement`;

CREATE TABLE `character_achievement` (
  `guid` bigint(20) unsigned NOT NULL,
  `achievement` int(10) unsigned NOT NULL,
  `date` int(10) unsigned NOT NULL DEFAULT '0',
  PRIMARY KEY (`guid`,`achievement`)
) ENGINE=InnoDB DEFAULT CHARSET=utf8;

/*Data for the table `character_achievement` */

insert  into `character_achievement`(`guid`,`achievement`,`date`) values 
(1,6,1557680685),
(1,7,1557680685),
(1,429,1557680324),
(1,522,1557680322),
(1,1017,1557680324),
(1,2398,1557680322),
(1,3636,1557680322),
(1,4400,1557680322),
(1,5512,1557680322),
(1,5863,1557680322),
(1,6131,1557680323),
(1,7853,1557680323),
(1,8820,1557680323),
(1,9496,1557680323),
(1,10056,1557680323),
(1,10058,1557680323),
(1,10561,1557680758),
(1,10741,1557680323),
(1,11210,1557680324),
(1,11211,1557680324),
(1,11606,1557680324),
(1,11632,1557680324),
(1,11633,1557680324),
(1,11847,1557680324),
(1,11848,1557680324),
(1,12827,1557680324),
(1,13149,1557680324),
(1,13152,1557680324),
(1,13153,1557680324),
(1,13155,1557680324),
(1,13170,1557680324),
(2,6,1560786629),
(2,7,1560786629),
(2,429,1560786629),
(2,522,1560786629),
(2,891,1560786629),
(2,1017,1560786629),
(2,2398,1560786629),
(2,3636,1560786629),
(2,4400,1560786629),
(2,5512,1560786629),
(2,5863,1560786629),
(2,6131,1560786629),
(2,7853,1560786629),
(2,8820,1560786629),
(2,9496,1560786629),
(2,10056,1560786629),
(2,10058,1560786629),
(2,10561,1560786691),
(2,10741,1560786629),
(2,11210,1560786629),
(2,11211,1560786629),
(2,11606,1560786629),
(2,11632,1560786629),
(2,11633,1560786629),
(2,11847,1560786629),
(2,11848,1560786629),
(2,12242,1560786629),
(2,12450,1560786629),
(2,12827,1560786629),
(2,13149,1560786629),
(2,13152,1560786629),
(2,13153,1560786629),
(2,13155,1560786629),
(2,13170,1560786629),
(3,429,1560787109),
(3,522,1560787109),
(3,1017,1560787109),
(3,2398,1560787109),
(3,3636,1560787109),
(3,4400,1560787109),
(3,5512,1560787109),
(3,5863,1560787109),
(3,6131,1560787109),
(3,7853,1560787109),
(3,8820,1560787109),
(3,9496,1560787109),
(3,10056,1560787109),
(3,10058,1560787109),
(3,10741,1560787109),
(3,11210,1560787109),
(3,11211,1560787109),
(3,11606,1560787109),
(3,11632,1560787109),
(3,11633,1560787109),
(3,11847,1560787109),
(3,11848,1560787109),
(3,12827,1560787109),
(3,13149,1560787109),
(3,13152,1560787109),
(3,13153,1560787109),
(3,13155,1560787109),
(3,13170,1560787109);

/*Table structure for table `character_achievement_count` */

DROP TABLE IF EXISTS `character_achievement_count`;

CREATE TABLE `character_achievement_count` (
  `guid` bigint(11) NOT NULL DEFAULT '0',
  `count` int(11) DEFAULT '0',
  PRIMARY KEY (`guid`)
) ENGINE=MyISAM DEFAULT CHARSET=latin1;

/*Data for the table `character_achievement_count` */

/*Table structure for table `character_achievement_progress` */

DROP TABLE IF EXISTS `character_achievement_progress`;

CREATE TABLE `character_achievement_progress` (
  `guid` bigint(20) unsigned NOT NULL,
  `criteria` int(10) unsigned NOT NULL,
  `counter` bigint(20) unsigned NOT NULL,
  `date` int(10) unsigned NOT NULL DEFAULT '0',
  PRIMARY KEY (`guid`,`criteria`)
) ENGINE=InnoDB DEFAULT CHARSET=utf8;

/*Data for the table `character_achievement_progress` */

insert  into `character_achievement_progress`(`guid`,`criteria`,`counter`,`date`) values 
(1,162,114,1557680891),
(1,167,1,1557680318),
(1,641,1,1557680318),
(1,651,1,1557680318),
(1,652,1,1557680318),
(1,653,1,1557680318),
(1,654,1,1557680318),
(1,655,1,1557680318),
(1,656,1,1557680318),
(1,657,1,1557680318),
(1,753,1,1557680318),
(1,754,1,1557680318),
(1,755,1,1557680318),
(1,834,1,1557680318),
(1,982,1,1557680322),
(1,1146,1,1557680682),
(1,2020,200,1557680322),
(1,4224,99999999999,1557680688),
(1,4944,3,1557680891),
(1,4953,3,1557680891),
(1,5212,21,1557680685),
(1,5220,21,1557680685),
(1,5233,21,1557680685),
(1,5299,1,1557680324),
(1,5300,1,1557680324),
(1,5301,8,1557680324),
(1,5328,3100,1557680322),
(1,5329,3100,1557680322),
(1,5330,3100,1557680322),
(1,5331,4000,1557680322),
(1,5332,3000,1557680322),
(1,5371,3,1557680838),
(1,5372,11,1557680890),
(1,5373,35,1557680838),
(1,5512,3,1557680891),
(1,5529,3,1557680891),
(1,6789,4,1557680759),
(1,9058,1,1557680322),
(1,11238,1,1557680322),
(1,12562,1,1557680322),
(1,12698,50,1557680758),
(1,16082,1,1557680322),
(1,17804,1,1557680322),
(1,18500,1,1557680323),
(1,19395,3000,1557680322),
(1,19481,3100,1557680322),
(1,19598,2,1557680758),
(1,20677,21,1557680685),
(1,20678,21,1557680685),
(1,22242,1,1557680323),
(1,22926,3000,1557680322),
(1,23250,4,1557680759),
(1,24192,1,1557680323),
(1,25828,3000,1557680322),
(1,25887,1,1557680323),
(1,28201,1,1557680323),
(1,28720,1,1557680323),
(1,28981,3000,1557680322),
(1,29762,1,1557680758),
(1,30478,4,1557680759),
(1,30977,1,1557680323),
(1,32886,1,1557680323),
(1,32887,1,1557680324),
(1,35786,1,1557680324),
(1,35787,1,1557680324),
(1,35889,1,1557680324),
(1,35977,3000,1557680322),
(1,36132,1,1557680324),
(1,36696,1,1557680324),
(1,36699,1,1557680324),
(1,37604,3000,1557680322),
(1,40478,1,1557680324),
(1,40921,1,1557680324),
(1,41480,21,1557680685),
(1,41481,21,1557680685),
(1,41482,21,1557680685),
(1,41483,21,1557680685),
(1,41484,3000,1557680322),
(1,41486,3000,1557680322),
(1,41488,3000,1557680322),
(1,41490,3000,1557680322),
(1,41494,21,1557680685),
(1,41654,3000,1557680322),
(1,43143,1,1557680324),
(1,43157,1,1557680324),
(1,43160,1,1557680324),
(1,43215,1,1557680324),
(2,167,1,1560786629),
(2,653,1,1560786629),
(2,657,1,1560786629),
(2,753,1,1560786629),
(2,757,100,1560786629),
(2,982,1,1560786629),
(2,1872,75,1560786629),
(2,2020,200,1560786629),
(2,2072,3774,1560786964),
(2,3631,1,1560786822),
(2,4092,125,1560786822),
(2,4224,125,1560786822),
(2,4742,3000,1560786629),
(2,4787,1,1560786858),
(2,5018,20,1560786629),
(2,5212,20,1560786629),
(2,5299,1,1560786629),
(2,5300,1,1560786629),
(2,5301,9,1560786629),
(2,5328,3100,1560786629),
(2,5329,3100,1560786629),
(2,5330,3100,1560786629),
(2,5331,3100,1560786629),
(2,5332,3000,1560786629),
(2,5371,373,1560786964),
(2,5372,373,1560786964),
(2,6142,1,1560786604),
(2,6789,4,1560786691),
(2,9058,1,1560786629),
(2,11238,1,1560786629),
(2,12562,1,1560786629),
(2,12698,70,1560786691),
(2,16082,1,1560786629),
(2,17804,1,1560786629),
(2,18500,1,1560786629),
(2,19395,3000,1560786629),
(2,19481,3100,1560786629),
(2,19598,2,1560786691),
(2,20677,20,1560786629),
(2,20678,20,1560786629),
(2,22242,1,1560786629),
(2,22926,3000,1560786629),
(2,23250,4,1560786691),
(2,24192,1,1560786629),
(2,25828,3000,1560786629),
(2,25887,1,1560786629),
(2,26682,1,1560786604),
(2,28201,1,1560786629),
(2,28720,1,1560786629),
(2,28828,1,1560786604),
(2,28829,1,1560786604),
(2,28830,1,1560786604),
(2,28831,1,1560786604),
(2,28832,1,1560786604),
(2,28833,1,1560786604),
(2,28858,1,1560786604),
(2,28981,3000,1560786629),
(2,29762,1,1560786691),
(2,30478,4,1560786691),
(2,30576,1,1560786822),
(2,30977,1,1560786629),
(2,32886,1,1560786629),
(2,32887,1,1560786629),
(2,35786,1,1560786629),
(2,35787,1,1560786629),
(2,35889,1,1560786629),
(2,35977,3000,1560786629),
(2,36132,1,1560786629),
(2,36696,1,1560786629),
(2,36699,1,1560786629),
(2,37603,3000,1560786629),
(2,37604,3000,1560786629),
(2,39653,1,1560786629),
(2,40478,1,1560786629),
(2,40921,1,1560786629),
(2,41244,1,1560786604),
(2,41480,20,1560786629),
(2,41481,20,1560786629),
(2,41482,20,1560786629),
(2,41483,20,1560786629),
(2,41484,3000,1560786629),
(2,41486,3000,1560786629),
(2,41488,3000,1560786629),
(2,41490,3000,1560786629),
(2,41494,20,1560786629),
(2,41654,3000,1560786629),
(2,43143,1,1560786629),
(2,43157,1,1560786629),
(2,43160,1,1560786629),
(2,43215,1,1560786629),
(3,111,1,1560787191),
(3,162,94,1560787298),
(3,167,1,1560787109),
(3,653,1,1560787109),
(3,657,1,1560787109),
(3,753,1,1560787109),
(3,757,5,1560787109),
(3,982,1,1560787109),
(3,2020,200,1560787109),
(3,4742,3000,1560787109),
(3,4787,1,1560787109),
(3,4944,2,1560787298),
(3,4946,2,1560787298),
(3,4951,1,1560787298),
(3,4953,1,1560787176),
(3,5018,1,1560787109),
(3,5212,1,1560787109),
(3,5229,1,1560787109),
(3,5299,1,1560787109),
(3,5300,1,1560787109),
(3,5301,8,1560787109),
(3,5328,3100,1560787109),
(3,5329,4000,1560787109),
(3,5330,3100,1560787109),
(3,5331,3100,1560787109),
(3,5332,3000,1560787109),
(3,5371,9,1560787296),
(3,5372,132,1560787306),
(3,5373,7,1560787176),
(3,5512,2,1560787298),
(3,5529,2,1560787298),
(3,6789,2,1560787113),
(3,9058,1,1560787109),
(3,11238,1,1560787109),
(3,12562,1,1560787109),
(3,12698,20,1560787109),
(3,14150,1,1560787260),
(3,16082,1,1560787109),
(3,17804,1,1560787109),
(3,18500,1,1560787109),
(3,18672,1,1560787191),
(3,19395,3000,1560787109),
(3,19481,3100,1560787109),
(3,19598,1,1560787109),
(3,20677,1,1560787109),
(3,20678,1,1560787109),
(3,22242,1,1560787109),
(3,22926,3000,1560787109),
(3,23250,2,1560787113),
(3,24192,1,1560787109),
(3,25828,3000,1560787109),
(3,25887,1,1560787109),
(3,28201,1,1560787109),
(3,28720,1,1560787109),
(3,28981,3000,1560787109),
(3,30478,2,1560787113),
(3,30977,1,1560787109),
(3,32886,1,1560787109),
(3,32887,1,1560787109),
(3,35786,1,1560787109),
(3,35787,1,1560787109),
(3,35889,1,1560787109),
(3,35977,3000,1560787109),
(3,36132,1,1560787109),
(3,36696,1,1560787109),
(3,36699,1,1560787109),
(3,37604,3000,1560787109),
(3,40478,1,1560787109),
(3,40921,1,1560787109),
(3,41480,1,1560787109),
(3,41481,1,1560787109),
(3,41482,1,1560787109),
(3,41483,1,1560787109),
(3,41484,3000,1560787109),
(3,41486,3000,1560787109),
(3,41488,3000,1560787109),
(3,41490,3000,1560787109),
(3,41494,1,1560787109),
(3,41654,3000,1560787109),
(3,43143,1,1560787109),
(3,43157,1,1560787109),
(3,43160,1,1560787109),
(3,43215,1,1560787109);

/*Table structure for table `character_action` */

DROP TABLE IF EXISTS `character_action`;

CREATE TABLE `character_action` (
  `guid` bigint(20) unsigned NOT NULL DEFAULT '0',
  `spec` tinyint(3) unsigned NOT NULL DEFAULT '0',
  `button` tinyint(3) unsigned NOT NULL DEFAULT '0',
  `action` int(10) unsigned NOT NULL DEFAULT '0',
  `type` tinyint(3) unsigned NOT NULL DEFAULT '0',
  PRIMARY KEY (`guid`,`spec`,`button`)
) ENGINE=InnoDB DEFAULT CHARSET=utf8;

/*Data for the table `character_action` */

insert  into `character_action`(`guid`,`spec`,`button`,`action`,`type`) values 
(1,0,0,195710,0),
(1,0,1,1464,0),
(1,0,9,59752,0),
(1,1,1,34428,0),
(1,1,2,184367,0),
(1,1,4,5308,0),
(2,2,0,195710,0),
(3,2,0,116,0),
(3,2,1,195710,0);

/*Table structure for table `character_archaeology_branchs` */

DROP TABLE IF EXISTS `character_archaeology_branchs`;

CREATE TABLE `character_archaeology_branchs` (
  `guid` bigint(20) unsigned NOT NULL DEFAULT '0',
  `projectId` smallint(5) unsigned NOT NULL DEFAULT '0',
  PRIMARY KEY (`guid`,`projectId`)
) ENGINE=InnoDB DEFAULT CHARSET=utf8mb4;

/*Data for the table `character_archaeology_branchs` */

/*Table structure for table `character_archaeology_digsites` */

DROP TABLE IF EXISTS `character_archaeology_digsites`;

CREATE TABLE `character_archaeology_digsites` (
  `guid` bigint(20) unsigned NOT NULL DEFAULT '0',
  `digsiteId` smallint(5) unsigned NOT NULL DEFAULT '0',
  `point_x` float DEFAULT '0',
  `point_y` float DEFAULT '0',
  `count` tinyint(3) unsigned NOT NULL DEFAULT '0',
  PRIMARY KEY (`guid`,`digsiteId`)
) ENGINE=InnoDB DEFAULT CHARSET=utf8mb4;

/*Data for the table `character_archaeology_digsites` */

/*Table structure for table `character_archaeology_history` */

DROP TABLE IF EXISTS `character_archaeology_history`;

CREATE TABLE `character_archaeology_history` (
  `guid` bigint(20) unsigned NOT NULL DEFAULT '0',
  `time` int(10) unsigned NOT NULL DEFAULT '0',
  `projectId` int(10) unsigned NOT NULL DEFAULT '0',
  `count` smallint(5) unsigned NOT NULL DEFAULT '0',
  PRIMARY KEY (`guid`,`projectId`)
) ENGINE=InnoDB DEFAULT CHARSET=utf8mb4;

/*Data for the table `character_archaeology_history` */

/*Table structure for table `character_arena_data` */

DROP TABLE IF EXISTS `character_arena_data`;

CREATE TABLE `character_arena_data` (
  `guid` bigint(20) unsigned NOT NULL,
  `slot` tinyint(3) unsigned NOT NULL,
  `rating` int(10) unsigned NOT NULL DEFAULT '0',
  `bestRatingOfWeek` int(10) unsigned NOT NULL DEFAULT '0',
  `bestRatingOfSeason` int(10) unsigned NOT NULL DEFAULT '0',
  `matchMakerRating` int(10) unsigned NOT NULL DEFAULT '0',
  `weekGames` int(10) unsigned NOT NULL DEFAULT '0',
  `weekWins` int(10) unsigned NOT NULL DEFAULT '0',
  `prevWeekGames` int(10) unsigned NOT NULL DEFAULT '0',
  `prevWeekWins` int(10) unsigned NOT NULL DEFAULT '0',
  `seasonGames` int(10) unsigned NOT NULL DEFAULT '0',
  `seasonWins` int(10) unsigned NOT NULL DEFAULT '0',
  `ranking` int(10) unsigned NOT NULL DEFAULT '0',
  `dayGames` int(10) unsigned NOT NULL DEFAULT '0',
  `dayWins` int(10) unsigned NOT NULL DEFAULT '0',
  PRIMARY KEY (`guid`,`slot`)
) ENGINE=InnoDB DEFAULT CHARSET=utf8mb4;

/*Data for the table `character_arena_data` */

insert  into `character_arena_data`(`guid`,`slot`,`rating`,`bestRatingOfWeek`,`bestRatingOfSeason`,`matchMakerRating`,`weekGames`,`weekWins`,`prevWeekGames`,`prevWeekWins`,`seasonGames`,`seasonWins`,`ranking`,`dayGames`,`dayWins`) values 
(1,0,0,0,0,1500,0,0,0,0,0,0,1,0,0),
(1,1,0,0,0,1500,0,0,0,0,0,0,1,0,0),
(1,2,0,0,0,1500,0,0,0,0,0,0,1,0,0),
(1,3,0,0,0,1500,0,0,0,0,0,0,1,0,0),
(1,4,0,0,0,1500,0,0,0,0,0,0,1,0,0),
(1,5,0,0,0,1500,0,0,0,0,0,0,1,0,0),
(2,0,0,0,0,1500,0,0,0,0,0,0,1,0,0),
(2,1,0,0,0,1500,0,0,0,0,0,0,1,0,0),
(2,2,0,0,0,1500,0,0,0,0,0,0,1,0,0),
(2,3,0,0,0,1500,0,0,0,0,0,0,1,0,0),
(2,4,0,0,0,1500,0,0,0,0,0,0,1,0,0),
(2,5,0,0,0,1500,0,0,0,0,0,0,1,0,0),
(3,0,0,0,0,1500,0,0,0,0,0,0,1,0,0),
(3,1,0,0,0,1500,0,0,0,0,0,0,1,0,0),
(3,2,0,0,0,1500,0,0,0,0,0,0,1,0,0),
(3,3,0,0,0,1500,0,0,0,0,0,0,1,0,0),
(3,4,0,0,0,1500,0,0,0,0,0,0,1,0,0),
(3,5,0,0,0,1500,0,0,0,0,0,0,1,0,0);

/*Table structure for table `character_aura` */

DROP TABLE IF EXISTS `character_aura`;

CREATE TABLE `character_aura` (
  `guid` bigint(20) unsigned NOT NULL DEFAULT '0' COMMENT 'Global Unique Identifier',
  `casterGuid` binary(16) NOT NULL COMMENT 'Full Global Unique Identifier',
  `itemGuid` binary(16) NOT NULL,
  `spell` int(10) unsigned NOT NULL,
  `effectMask` int(10) unsigned NOT NULL,
  `recalculateMask` int(10) unsigned NOT NULL DEFAULT '0',
  `stackCount` tinyint(3) unsigned NOT NULL DEFAULT '1',
  `maxDuration` int(11) NOT NULL DEFAULT '0',
  `remainTime` int(11) NOT NULL DEFAULT '0',
  `remainCharges` tinyint(3) unsigned NOT NULL DEFAULT '0',
  `castItemLevel` int(11) NOT NULL DEFAULT '-1',
  PRIMARY KEY (`guid`,`casterGuid`,`itemGuid`,`spell`,`effectMask`)
) ENGINE=InnoDB DEFAULT CHARSET=utf8 COMMENT='Player System';

/*Data for the table `character_aura` */

insert  into `character_aura`(`guid`,`casterGuid`,`itemGuid`,`spell`,`effectMask`,`recalculateMask`,`stackCount`,`maxDuration`,`remainTime`,`remainCharges`,`castItemLevel`) values 
(2,'\0\0\0\0\0\0\0\0\0\0\0\0\0','\0\0\0\0\0\0\0\0\0\0\0\0\0\0\0\0',86457,1,1,1,-1,-1,0,-1),
(2,'\0\0\0\0\0\0\0\0\0\0\0\0\0','\0\0\0\0\0\0\0\0\0\0\0\0\0\0\0\0',259202,1,0,1,-1,-1,0,-1);

/*Table structure for table `character_aura_effect` */

DROP TABLE IF EXISTS `character_aura_effect`;

CREATE TABLE `character_aura_effect` (
  `guid` bigint(20) unsigned NOT NULL,
  `casterGuid` binary(16) NOT NULL COMMENT 'Full Global Unique Identifier',
  `itemGuid` binary(16) NOT NULL,
  `spell` int(10) unsigned NOT NULL,
  `effectMask` int(10) unsigned NOT NULL,
  `effectIndex` tinyint(3) unsigned NOT NULL,
  `amount` int(11) NOT NULL DEFAULT '0',
  `baseAmount` int(11) NOT NULL DEFAULT '0',
  PRIMARY KEY (`guid`,`casterGuid`,`itemGuid`,`spell`,`effectMask`,`effectIndex`)
) ENGINE=InnoDB DEFAULT CHARSET=utf8 COMMENT='Player System';

/*Data for the table `character_aura_effect` */

insert  into `character_aura_effect`(`guid`,`casterGuid`,`itemGuid`,`spell`,`effectMask`,`effectIndex`,`amount`,`baseAmount`) values 
(2,'\0\0\0\0\0\0\0\0\0\0\0\0\0','\0\0\0\0\0\0\0\0\0\0\0\0\0\0\0\0',86457,1,0,60,60),
(2,'\0\0\0\0\0\0\0\0\0\0\0\0\0','\0\0\0\0\0\0\0\0\0\0\0\0\0\0\0\0',259202,1,0,226,0);

/*Table structure for table `character_banned` */

DROP TABLE IF EXISTS `character_banned`;

CREATE TABLE `character_banned` (
  `guid` bigint(20) unsigned NOT NULL DEFAULT '0' COMMENT 'Global Unique Identifier',
  `bandate` int(10) unsigned NOT NULL DEFAULT '0',
  `unbandate` int(10) unsigned NOT NULL DEFAULT '0',
  `bannedby` varchar(50) NOT NULL,
  `banreason` varchar(255) NOT NULL,
  `active` tinyint(3) unsigned NOT NULL DEFAULT '1',
  PRIMARY KEY (`guid`,`bandate`)
) ENGINE=InnoDB DEFAULT CHARSET=utf8 COMMENT='Ban List';

/*Data for the table `character_banned` */

/*Table structure for table `character_battleground_data` */

DROP TABLE IF EXISTS `character_battleground_data`;

CREATE TABLE `character_battleground_data` (
  `guid` bigint(20) unsigned NOT NULL DEFAULT '0' COMMENT 'Global Unique Identifier',
  `instanceId` int(10) unsigned NOT NULL COMMENT 'Instance Identifier',
  `team` smallint(5) unsigned NOT NULL,
  `joinX` float NOT NULL DEFAULT '0',
  `joinY` float NOT NULL DEFAULT '0',
  `joinZ` float NOT NULL DEFAULT '0',
  `joinO` float NOT NULL DEFAULT '0',
  `joinMapId` smallint(5) unsigned NOT NULL DEFAULT '0' COMMENT 'Map Identifier',
  `taxiStart` int(10) unsigned NOT NULL DEFAULT '0',
  `taxiEnd` int(10) unsigned NOT NULL DEFAULT '0',
  `mountSpell` mediumint(8) unsigned NOT NULL DEFAULT '0',
  PRIMARY KEY (`guid`)
) ENGINE=InnoDB DEFAULT CHARSET=utf8 COMMENT='Player System';

/*Data for the table `character_battleground_data` */

insert  into `character_battleground_data`(`guid`,`instanceId`,`team`,`joinX`,`joinY`,`joinZ`,`joinO`,`joinMapId`,`taxiStart`,`taxiEnd`,`mountSpell`) values 
(1,0,0,0,0,0,0,65535,0,0,0),
(2,0,0,0,0,0,0,65535,0,0,0),
(3,0,0,0,0,0,0,65535,0,0,0);

/*Table structure for table `character_battleground_random` */

DROP TABLE IF EXISTS `character_battleground_random`;

CREATE TABLE `character_battleground_random` (
  `guid` bigint(20) unsigned NOT NULL DEFAULT '0',
  PRIMARY KEY (`guid`)
) ENGINE=InnoDB DEFAULT CHARSET=utf8;

/*Data for the table `character_battleground_random` */

/*Table structure for table `character_cuf_profiles` */

DROP TABLE IF EXISTS `character_cuf_profiles`;

CREATE TABLE `character_cuf_profiles` (
  `guid` bigint(20) unsigned NOT NULL DEFAULT '0' COMMENT 'Character Guid',
  `id` tinyint(3) unsigned NOT NULL COMMENT 'Profile Id (0-4)',
  `name` varchar(12) NOT NULL COMMENT 'Profile Name',
  `frameHeight` smallint(5) unsigned NOT NULL DEFAULT '0' COMMENT 'Profile Frame Height',
  `frameWidth` smallint(5) unsigned NOT NULL DEFAULT '0' COMMENT 'Profile Frame Width',
  `sortBy` tinyint(3) unsigned NOT NULL DEFAULT '0' COMMENT 'Frame Sort By',
  `healthText` tinyint(3) unsigned NOT NULL DEFAULT '0' COMMENT 'Frame Health Text',
  `boolOptions` int(10) unsigned NOT NULL DEFAULT '0' COMMENT 'Many Configurable Bool Options',
  `topPoint` tinyint(3) unsigned NOT NULL DEFAULT '0' COMMENT 'Frame top alignment',
  `bottomPoint` tinyint(3) unsigned NOT NULL DEFAULT '0' COMMENT 'Frame bottom alignment',
  `leftPoint` tinyint(3) unsigned NOT NULL DEFAULT '0' COMMENT 'Frame left alignment',
  `topOffset` smallint(5) unsigned NOT NULL DEFAULT '0' COMMENT 'Frame position offset from top',
  `bottomOffset` smallint(5) unsigned NOT NULL DEFAULT '0' COMMENT 'Frame position offset from bottom',
  `leftOffset` smallint(5) unsigned NOT NULL DEFAULT '0' COMMENT 'Frame position offset from left',
  PRIMARY KEY (`guid`,`id`),
  KEY `index` (`id`)
) ENGINE=InnoDB DEFAULT CHARSET=utf8;

/*Data for the table `character_cuf_profiles` */

insert  into `character_cuf_profiles`(`guid`,`id`,`name`,`frameHeight`,`frameWidth`,`sortBy`,`healthText`,`boolOptions`,`topPoint`,`bottomPoint`,`leftPoint`,`topOffset`,`bottomOffset`,`leftOffset`) values 
(1,0,'Основной',36,72,0,0,15516,0,0,0,0,0,0),
(2,0,'Основной',36,72,0,0,15516,0,0,0,0,0,0),
(3,0,'Основной',36,72,0,0,15516,0,0,0,0,0,0);

/*Table structure for table `character_currency` */

DROP TABLE IF EXISTS `character_currency`;

CREATE TABLE `character_currency` (
  `CharacterGuid` bigint(20) unsigned NOT NULL DEFAULT '0',
  `Currency` smallint(5) unsigned NOT NULL,
  `Quantity` int(10) unsigned NOT NULL,
  `WeeklyQuantity` int(10) unsigned NOT NULL,
  `TrackedQuantity` int(10) unsigned NOT NULL,
  `Flags` tinyint(3) unsigned NOT NULL,
  `WeekCap` int(10) unsigned NOT NULL,
  PRIMARY KEY (`CharacterGuid`,`Currency`)
) ENGINE=InnoDB DEFAULT CHARSET=utf8;

/*Data for the table `character_currency` */

insert  into `character_currency`(`CharacterGuid`,`Currency`,`Quantity`,`WeeklyQuantity`,`TrackedQuantity`,`Flags`,`WeekCap`) values 
(1,395,0,0,0,0,4294967294),
(1,823,0,0,0,0,4294967294),
(2,395,0,0,0,0,4294967294),
(2,823,0,0,0,0,4294967294),
(3,395,0,0,0,0,4294967294),
(3,823,0,0,0,0,4294967294);

/*Table structure for table `character_declinedname` */

DROP TABLE IF EXISTS `character_declinedname`;

CREATE TABLE `character_declinedname` (
  `guid` bigint(20) unsigned NOT NULL DEFAULT '0' COMMENT 'Global Unique Identifier',
  `genitive` varchar(15) NOT NULL DEFAULT '',
  `dative` varchar(15) NOT NULL DEFAULT '',
  `accusative` varchar(15) NOT NULL DEFAULT '',
  `instrumental` varchar(15) NOT NULL DEFAULT '',
  `prepositional` varchar(15) NOT NULL DEFAULT '',
  PRIMARY KEY (`guid`)
) ENGINE=InnoDB DEFAULT CHARSET=utf8;

/*Data for the table `character_declinedname` */

/*Table structure for table `character_equipmentsets` */

DROP TABLE IF EXISTS `character_equipmentsets`;

CREATE TABLE `character_equipmentsets` (
  `guid` bigint(20) NOT NULL DEFAULT '0',
  `setguid` bigint(20) NOT NULL AUTO_INCREMENT,
  `setindex` tinyint(3) unsigned NOT NULL DEFAULT '0',
  `name` varchar(31) NOT NULL,
  `iconname` varchar(100) NOT NULL,
  `ignore_mask` int(11) unsigned NOT NULL DEFAULT '0',
  `AssignedSpecIndex` int(11) NOT NULL DEFAULT '-1',
  `item0` bigint(20) unsigned NOT NULL DEFAULT '0',
  `item1` bigint(20) unsigned NOT NULL DEFAULT '0',
  `item2` bigint(20) unsigned NOT NULL DEFAULT '0',
  `item3` bigint(20) unsigned NOT NULL DEFAULT '0',
  `item4` bigint(20) unsigned NOT NULL DEFAULT '0',
  `item5` bigint(20) unsigned NOT NULL DEFAULT '0',
  `item6` bigint(20) unsigned NOT NULL DEFAULT '0',
  `item7` bigint(20) unsigned NOT NULL DEFAULT '0',
  `item8` bigint(20) unsigned NOT NULL DEFAULT '0',
  `item9` bigint(20) unsigned NOT NULL DEFAULT '0',
  `item10` bigint(20) unsigned NOT NULL DEFAULT '0',
  `item11` bigint(20) unsigned NOT NULL DEFAULT '0',
  `item12` bigint(20) unsigned NOT NULL DEFAULT '0',
  `item13` bigint(20) unsigned NOT NULL DEFAULT '0',
  `item14` bigint(20) unsigned NOT NULL DEFAULT '0',
  `item15` bigint(20) unsigned NOT NULL DEFAULT '0',
  `item16` bigint(20) unsigned NOT NULL DEFAULT '0',
  `item17` bigint(20) unsigned NOT NULL DEFAULT '0',
  `item18` bigint(20) unsigned NOT NULL DEFAULT '0',
  PRIMARY KEY (`setguid`),
  UNIQUE KEY `idx_set` (`guid`,`setguid`,`setindex`),
  KEY `Idx_setindex` (`setindex`)
) ENGINE=InnoDB DEFAULT CHARSET=utf8;

/*Data for the table `character_equipmentsets` */

/*Table structure for table `character_fishingsteps` */

DROP TABLE IF EXISTS `character_fishingsteps`;

CREATE TABLE `character_fishingsteps` (
  `guid` bigint(20) unsigned NOT NULL DEFAULT '0' COMMENT 'Global Unique Identifier',
  `fishingSteps` tinyint(3) unsigned NOT NULL DEFAULT '0',
  PRIMARY KEY (`guid`)
) ENGINE=InnoDB DEFAULT CHARSET=utf8;

/*Data for the table `character_fishingsteps` */

/*Table structure for table `character_garrison` */

DROP TABLE IF EXISTS `character_garrison`;

CREATE TABLE `character_garrison` (
  `guid` bigint(20) unsigned NOT NULL,
  `type` tinyint(3) unsigned NOT NULL,
  `siteLevelId` int(10) unsigned NOT NULL DEFAULT '0',
  `followerActivationsRemainingToday` int(10) unsigned NOT NULL DEFAULT '0',
  PRIMARY KEY (`guid`,`type`)
) ENGINE=InnoDB DEFAULT CHARSET=utf8;

/*Data for the table `character_garrison` */

/*Table structure for table `character_garrison_blueprints` */

DROP TABLE IF EXISTS `character_garrison_blueprints`;

CREATE TABLE `character_garrison_blueprints` (
  `guid` bigint(20) unsigned NOT NULL,
  `garrison_type` tinyint(3) unsigned NOT NULL,
  `buildingId` int(10) unsigned NOT NULL DEFAULT '0',
  PRIMARY KEY (`guid`,`garrison_type`,`buildingId`)
) ENGINE=InnoDB DEFAULT CHARSET=utf8;

/*Data for the table `character_garrison_blueprints` */

/*Table structure for table `character_garrison_buildings` */

DROP TABLE IF EXISTS `character_garrison_buildings`;

CREATE TABLE `character_garrison_buildings` (
  `guid` bigint(20) unsigned NOT NULL,
  `garrison_type` tinyint(3) unsigned NOT NULL,
  `plotInstanceId` int(10) unsigned NOT NULL DEFAULT '0',
  `buildingId` int(10) unsigned NOT NULL DEFAULT '0',
  `timeBuilt` bigint(20) unsigned NOT NULL,
  `active` tinyint(3) unsigned NOT NULL DEFAULT '0',
  PRIMARY KEY (`guid`,`garrison_type`,`plotInstanceId`)
) ENGINE=InnoDB DEFAULT CHARSET=utf8;

/*Data for the table `character_garrison_buildings` */

/*Table structure for table `character_garrison_follower_abilities` */

DROP TABLE IF EXISTS `character_garrison_follower_abilities`;

CREATE TABLE `character_garrison_follower_abilities` (
  `dbId` bigint(20) unsigned NOT NULL,
  `abilityId` int(10) unsigned NOT NULL,
  `slot` tinyint(3) unsigned NOT NULL DEFAULT '0',
  PRIMARY KEY (`dbId`,`abilityId`,`slot`),
  CONSTRAINT `character_garrison_follower_abilities_ibfk_1` FOREIGN KEY (`dbId`) REFERENCES `character_garrison_followers` (`dbId`) ON DELETE CASCADE
) ENGINE=InnoDB DEFAULT CHARSET=utf8;

/*Data for the table `character_garrison_follower_abilities` */

/*Table structure for table `character_garrison_followers` */

DROP TABLE IF EXISTS `character_garrison_followers`;

CREATE TABLE `character_garrison_followers` (
  `dbId` bigint(20) unsigned NOT NULL,
  `guid` bigint(20) unsigned NOT NULL,
  `garrison_type` tinyint(3) unsigned NOT NULL,
  `followerId` int(10) unsigned NOT NULL,
  `quality` int(10) unsigned NOT NULL DEFAULT '2',
  `level` int(10) unsigned NOT NULL DEFAULT '90',
  `itemLevelWeapon` int(10) unsigned NOT NULL DEFAULT '600',
  `itemLevelArmor` int(10) unsigned NOT NULL DEFAULT '600',
  `xp` int(10) unsigned NOT NULL DEFAULT '0',
  `currentBuilding` int(10) unsigned NOT NULL DEFAULT '0',
  `currentMission` int(10) unsigned NOT NULL DEFAULT '0',
  `status` int(10) unsigned NOT NULL DEFAULT '0',
  PRIMARY KEY (`dbId`),
  UNIQUE KEY `idx_guid_id` (`guid`,`followerId`),
  CONSTRAINT `character_garrison_followers_ibfk_1` FOREIGN KEY (`guid`) REFERENCES `characters` (`guid`)
) ENGINE=InnoDB DEFAULT CHARSET=utf8;

/*Data for the table `character_garrison_followers` */

/*Table structure for table `character_garrison_mission_rewards` */

DROP TABLE IF EXISTS `character_garrison_mission_rewards`;

CREATE TABLE `character_garrison_mission_rewards` (
  `dbId` int(10) unsigned NOT NULL,
  `type` tinyint(3) unsigned NOT NULL,
  `itemId` int(10) NOT NULL DEFAULT '0',
  `itemQuantity` int(10) unsigned NOT NULL DEFAULT '0',
  `currencyId` int(10) NOT NULL DEFAULT '0',
  `currencyQuantity` int(10) unsigned NOT NULL DEFAULT '0',
  `FollowerXP` int(10) unsigned NOT NULL DEFAULT '0',
  `BonusAbilityId` int(10) unsigned NOT NULL DEFAULT '0'
) ENGINE=InnoDB DEFAULT CHARSET=utf8mb4;

/*Data for the table `character_garrison_mission_rewards` */

/*Table structure for table `character_garrison_missions` */

DROP TABLE IF EXISTS `character_garrison_missions`;

CREATE TABLE `character_garrison_missions` (
  `dbId` bigint(20) unsigned NOT NULL,
  `guid` bigint(20) unsigned NOT NULL,
  `garrison_type` tinyint(3) unsigned NOT NULL,
  `missionId` int(10) unsigned NOT NULL,
  `offerTime` int(10) NOT NULL,
  `startTime` int(10) NOT NULL,
  `status` tinyint(3) unsigned NOT NULL,
  PRIMARY KEY (`dbId`)
) ENGINE=InnoDB DEFAULT CHARSET=latin1;

/*Data for the table `character_garrison_missions` */

/*Table structure for table `character_gifts` */

DROP TABLE IF EXISTS `character_gifts`;

CREATE TABLE `character_gifts` (
  `guid` bigint(20) unsigned NOT NULL DEFAULT '0',
  `item_guid` bigint(20) unsigned NOT NULL DEFAULT '0',
  `entry` int(10) unsigned NOT NULL DEFAULT '0',
  `flags` int(10) unsigned NOT NULL DEFAULT '0',
  PRIMARY KEY (`item_guid`),
  KEY `idx_guid` (`guid`)
) ENGINE=InnoDB DEFAULT CHARSET=utf8;

/*Data for the table `character_gifts` */

/*Table structure for table `character_glyphs` */

DROP TABLE IF EXISTS `character_glyphs`;

CREATE TABLE `character_glyphs` (
  `guid` bigint(20) unsigned NOT NULL,
  `talentGroup` tinyint(3) unsigned NOT NULL DEFAULT '0',
  `glyphId` smallint(5) unsigned NOT NULL DEFAULT '0',
  PRIMARY KEY (`guid`,`talentGroup`,`glyphId`)
) ENGINE=InnoDB DEFAULT CHARSET=utf8;

/*Data for the table `character_glyphs` */

/*Table structure for table `character_homebind` */

DROP TABLE IF EXISTS `character_homebind`;

CREATE TABLE `character_homebind` (
  `guid` bigint(20) unsigned NOT NULL DEFAULT '0' COMMENT 'Global Unique Identifier',
  `mapId` smallint(5) unsigned NOT NULL DEFAULT '0' COMMENT 'Map Identifier',
  `zoneId` smallint(5) unsigned NOT NULL DEFAULT '0' COMMENT 'Zone Identifier',
  `posX` float NOT NULL DEFAULT '0',
  `posY` float NOT NULL DEFAULT '0',
  `posZ` float NOT NULL DEFAULT '0',
  PRIMARY KEY (`guid`)
) ENGINE=InnoDB DEFAULT CHARSET=utf8 COMMENT='Player System';

/*Data for the table `character_homebind` */

insert  into `character_homebind`(`guid`,`mapId`,`zoneId`,`posX`,`posY`,`posZ`) values 
(1,0,9,-8914.57,-133.909,80.5378),
(2,1865,9415,2121,3318,54.7061),
(3,0,5495,-4983.42,877.7,274.31);

/*Table structure for table `character_instance` */

DROP TABLE IF EXISTS `character_instance`;

CREATE TABLE `character_instance` (
  `guid` bigint(20) unsigned NOT NULL DEFAULT '0',
  `instance` int(10) unsigned NOT NULL DEFAULT '0',
  `permanent` tinyint(3) unsigned NOT NULL DEFAULT '0',
  `extendState` tinyint(2) unsigned NOT NULL DEFAULT '1',
  PRIMARY KEY (`guid`,`instance`),
  KEY `instance` (`instance`)
) ENGINE=InnoDB DEFAULT CHARSET=utf8;

/*Data for the table `character_instance` */

/*Table structure for table `character_inventory` */

DROP TABLE IF EXISTS `character_inventory`;

CREATE TABLE `character_inventory` (
  `guid` bigint(20) unsigned NOT NULL DEFAULT '0' COMMENT 'Global Unique Identifier',
  `bag` bigint(20) unsigned NOT NULL DEFAULT '0',
  `slot` tinyint(3) unsigned NOT NULL DEFAULT '0',
  `item` bigint(20) unsigned NOT NULL DEFAULT '0' COMMENT 'Item Global Unique Identifier',
  PRIMARY KEY (`item`),
  UNIQUE KEY `guid` (`guid`,`bag`,`slot`),
  KEY `idx_guid` (`guid`)
) ENGINE=InnoDB DEFAULT CHARSET=utf8 COMMENT='Player System';

/*Data for the table `character_inventory` */

insert  into `character_inventory`(`guid`,`bag`,`slot`,`item`) values 
(1,0,4,2),
(1,0,6,4),
(1,0,7,6),
(1,0,15,8),
(1,0,23,10),
(2,0,4,31),
(2,0,5,29),
(2,0,6,35),
(2,0,7,39),
(2,0,8,27),
(2,0,9,37),
(2,0,15,25),
(2,0,19,41),
(2,0,20,43),
(2,0,21,45),
(2,0,22,47),
(2,0,23,33),
(2,0,25,63),
(2,0,26,64),
(3,0,4,66),
(3,0,6,68),
(3,0,7,70),
(3,0,15,72),
(3,0,23,74);

/*Table structure for table `character_pet` */

DROP TABLE IF EXISTS `character_pet`;

CREATE TABLE `character_pet` (
  `id` int(10) unsigned NOT NULL DEFAULT '0',
  `entry` int(10) unsigned NOT NULL DEFAULT '0',
  `owner` bigint(10) unsigned NOT NULL DEFAULT '0',
  `modelid` int(10) unsigned DEFAULT '0',
  `CreatedBySpell` mediumint(8) unsigned NOT NULL DEFAULT '0',
  `PetType` tinyint(3) unsigned NOT NULL DEFAULT '0',
  `level` smallint(5) unsigned NOT NULL DEFAULT '1',
  `exp` int(10) unsigned NOT NULL DEFAULT '0',
  `Reactstate` tinyint(3) unsigned NOT NULL DEFAULT '0',
  `name` varchar(21) NOT NULL DEFAULT 'Pet',
  `renamed` tinyint(3) unsigned NOT NULL DEFAULT '0',
  `active` tinyint(3) unsigned NOT NULL DEFAULT '0',
  `slot` tinyint(3) unsigned NOT NULL DEFAULT '0',
  `curhealth` int(10) unsigned NOT NULL DEFAULT '1',
  `curmana` int(10) unsigned NOT NULL DEFAULT '0',
  `savetime` int(10) unsigned NOT NULL DEFAULT '0',
  `abdata` text,
  `specialization` smallint(5) unsigned NOT NULL DEFAULT '0',
  PRIMARY KEY (`id`),
  KEY `owner` (`owner`),
  KEY `idx_slot` (`slot`)
) ENGINE=InnoDB DEFAULT CHARSET=utf8 COMMENT='Pet System';

/*Data for the table `character_pet` */

/*Table structure for table `character_pet_declinedname` */

DROP TABLE IF EXISTS `character_pet_declinedname`;

CREATE TABLE `character_pet_declinedname` (
  `id` int(10) unsigned NOT NULL DEFAULT '0',
  `owner` int(10) unsigned NOT NULL DEFAULT '0',
  `genitive` varchar(12) NOT NULL DEFAULT '',
  `dative` varchar(12) NOT NULL DEFAULT '',
  `accusative` varchar(12) NOT NULL DEFAULT '',
  `instrumental` varchar(12) NOT NULL DEFAULT '',
  `prepositional` varchar(12) NOT NULL DEFAULT '',
  PRIMARY KEY (`id`),
  KEY `owner_key` (`owner`)
) ENGINE=InnoDB DEFAULT CHARSET=utf8;

/*Data for the table `character_pet_declinedname` */

/*Table structure for table `character_pvp_talent` */

DROP TABLE IF EXISTS `character_pvp_talent`;

CREATE TABLE `character_pvp_talent` (
  `Guid` bigint(20) unsigned NOT NULL,
  `talentId0` int(10) unsigned NOT NULL,
  `talentId1` int(10) unsigned NOT NULL,
  `talentId2` int(10) unsigned NOT NULL,
  `talentId3` int(10) unsigned NOT NULL,
  `TalentGroup` tinyint(3) unsigned NOT NULL DEFAULT '0',
  PRIMARY KEY (`Guid`,`TalentGroup`)
) ENGINE=InnoDB DEFAULT CHARSET=utf8;

/*Data for the table `character_pvp_talent` */

insert  into `character_pvp_talent`(`Guid`,`talentId0`,`talentId1`,`talentId2`,`talentId3`,`TalentGroup`) values 
(1,0,0,0,0,0),
(1,0,0,0,604,1),
(1,0,0,0,0,2),
(1,0,0,0,170,3),
(2,0,0,80,0,0),
(2,0,0,0,0,1),
(2,0,0,0,0,2),
(2,0,0,0,4,3),
(3,3238220560,3240527776,3221225551,3,0),
(3,0,3221225554,1,0,1),
(3,1610613075,3240181808,0,1073742166,2),
(3,3238214540,3238477949,3221225557,3,3);

/*Table structure for table `character_queststatus` */

DROP TABLE IF EXISTS `character_queststatus`;

CREATE TABLE `character_queststatus` (
  `guid` bigint(20) unsigned NOT NULL DEFAULT '0',
  `quest` int(10) unsigned NOT NULL DEFAULT '0',
  `status` tinyint(3) unsigned NOT NULL DEFAULT '0',
  `timer` int(10) unsigned NOT NULL DEFAULT '0',
  `explored` tinyint(3) unsigned NOT NULL DEFAULT '0',
  PRIMARY KEY (`guid`,`quest`)
) ENGINE=InnoDB DEFAULT CHARSET=utf8 COMMENT='Player System';

/*Data for the table `character_queststatus` */

insert  into `character_queststatus`(`guid`,`quest`,`status`,`timer`,`explored`) values 
(3,27635,1,1560787288,0),
(3,27670,3,1560787183,0);

/*Table structure for table `character_queststatus_daily` */

DROP TABLE IF EXISTS `character_queststatus_daily`;

CREATE TABLE `character_queststatus_daily` (
  `guid` bigint(20) unsigned NOT NULL DEFAULT '0' COMMENT 'Global Unique Identifier',
  `quest` int(10) unsigned NOT NULL DEFAULT '0' COMMENT 'Quest Identifier',
  `time` int(10) unsigned NOT NULL DEFAULT '0',
  PRIMARY KEY (`guid`,`quest`),
  KEY `idx_guid` (`guid`)
) ENGINE=InnoDB DEFAULT CHARSET=utf8 COMMENT='Player System';

/*Data for the table `character_queststatus_daily` */

/*Table structure for table `character_queststatus_monthly` */

DROP TABLE IF EXISTS `character_queststatus_monthly`;

CREATE TABLE `character_queststatus_monthly` (
  `guid` bigint(20) unsigned NOT NULL DEFAULT '0' COMMENT 'Global Unique Identifier',
  `quest` int(10) unsigned NOT NULL DEFAULT '0' COMMENT 'Quest Identifier',
  PRIMARY KEY (`guid`,`quest`),
  KEY `idx_guid` (`guid`)
) ENGINE=InnoDB DEFAULT CHARSET=utf8 COMMENT='Player System';

/*Data for the table `character_queststatus_monthly` */

/*Table structure for table `character_queststatus_objectives` */

DROP TABLE IF EXISTS `character_queststatus_objectives`;

CREATE TABLE `character_queststatus_objectives` (
  `guid` bigint(20) unsigned NOT NULL DEFAULT '0',
  `quest` int(10) unsigned NOT NULL DEFAULT '0',
  `objective` tinyint(3) unsigned NOT NULL DEFAULT '0',
  `data` int(11) NOT NULL DEFAULT '0',
  PRIMARY KEY (`guid`,`quest`,`objective`)
) ENGINE=InnoDB DEFAULT CHARSET=utf8 COMMENT='Player System';

/*Data for the table `character_queststatus_objectives` */

insert  into `character_queststatus_objectives`(`guid`,`quest`,`objective`,`data`) values 
(3,27670,0,1);

/*Table structure for table `character_queststatus_objectives_criteria` */

DROP TABLE IF EXISTS `character_queststatus_objectives_criteria`;

CREATE TABLE `character_queststatus_objectives_criteria` (
  `guid` bigint(20) unsigned NOT NULL,
  `questObjectiveId` int(10) unsigned NOT NULL,
  PRIMARY KEY (`guid`,`questObjectiveId`)
) ENGINE=InnoDB DEFAULT CHARSET=utf8;

/*Data for the table `character_queststatus_objectives_criteria` */

insert  into `character_queststatus_objectives_criteria`(`guid`,`questObjectiveId`) values 
(1,278862),
(1,279097),
(1,279348),
(1,279352),
(1,283743),
(1,283886),
(1,283921),
(1,284137),
(1,284138),
(1,284386),
(1,284387),
(1,284425),
(1,284426),
(1,284459),
(1,284460),
(1,284462),
(1,284463),
(1,284556),
(1,284557),
(1,284559),
(1,284560),
(1,284569),
(1,284570),
(1,284582),
(1,284583),
(1,284729),
(1,284730),
(1,284847),
(1,285013),
(1,285126),
(1,285127),
(1,285140),
(1,285141),
(1,285152),
(1,285153),
(2,278862),
(2,279097),
(2,279348),
(2,279352),
(2,283743),
(2,283886),
(2,283921),
(2,284137),
(2,284138),
(2,284386),
(2,284387),
(2,284425),
(2,284426),
(2,284459),
(2,284460),
(2,284462),
(2,284463),
(2,284556),
(2,284557),
(2,284559),
(2,284560),
(2,284569),
(2,284570),
(2,284582),
(2,284583),
(2,284729),
(2,284730),
(2,284847),
(2,285013),
(2,285126),
(2,285127),
(2,285140),
(2,285141),
(2,285152),
(2,285153),
(3,278862),
(3,279097),
(3,279348),
(3,279352),
(3,283743),
(3,283886),
(3,283921),
(3,284137),
(3,284138),
(3,284386),
(3,284387),
(3,284425),
(3,284426),
(3,284459),
(3,284460),
(3,284462),
(3,284463),
(3,284556),
(3,284557),
(3,284559),
(3,284560),
(3,284569),
(3,284570),
(3,284582),
(3,284583),
(3,284729),
(3,284730),
(3,284847),
(3,285013),
(3,285126),
(3,285127),
(3,285140),
(3,285141),
(3,285152),
(3,285153);

/*Table structure for table `character_queststatus_objectives_criteria_progress` */

DROP TABLE IF EXISTS `character_queststatus_objectives_criteria_progress`;

CREATE TABLE `character_queststatus_objectives_criteria_progress` (
  `guid` bigint(20) unsigned NOT NULL,
  `criteriaId` int(10) unsigned NOT NULL,
  `counter` bigint(20) unsigned NOT NULL,
  `date` int(10) unsigned NOT NULL DEFAULT '0',
  PRIMARY KEY (`guid`,`criteriaId`)
) ENGINE=InnoDB DEFAULT CHARSET=utf8;

/*Data for the table `character_queststatus_objectives_criteria_progress` */

insert  into `character_queststatus_objectives_criteria_progress`(`guid`,`criteriaId`,`counter`,`date`) values 
(1,28071,1,1557680325),
(1,28431,1,1557680325),
(1,28451,1,1557680325),
(1,28472,1,1557680325),
(1,30128,1,1557680325),
(1,30129,1,1557680325),
(1,30391,1,1557680325),
(1,30394,1,1557680325),
(1,30399,1,1557680325),
(1,30400,1,1557680325),
(1,30406,1,1557680325),
(1,30407,1,1557680325),
(1,30436,1,1557680325),
(1,30437,1,1557680325),
(1,30438,1,1557680325),
(1,30439,1,1557680325),
(1,30509,1,1557680325),
(1,30510,1,1557680325),
(1,30511,1,1557680325),
(1,30514,1,1557680325),
(1,30515,1,1557680325),
(1,30516,1,1557680325),
(1,30517,1,1557680325),
(1,30533,1,1557680325),
(1,30534,1,1557680325),
(1,30628,1,1557680325),
(1,30660,1,1557680325),
(1,30916,1,1557680325),
(1,30922,1,1557680325),
(1,30927,1,1557680325),
(1,30928,1,1557680325),
(1,30934,1,1557680325),
(1,30935,1,1557680325),
(1,30944,1,1557680325),
(1,30945,1,1557680325),
(2,28071,1,1560786629),
(2,28431,1,1560786629),
(2,28451,1,1560786629),
(2,28472,1,1560786629),
(2,30128,1,1560786629),
(2,30129,1,1560786629),
(2,30391,1,1560786629),
(2,30394,1,1560786629),
(2,30399,1,1560786629),
(2,30400,1,1560786629),
(2,30406,1,1560786629),
(2,30407,1,1560786629),
(2,30436,1,1560786629),
(2,30437,1,1560786629),
(2,30438,1,1560786629),
(2,30439,1,1560786629),
(2,30509,1,1560786629),
(2,30510,1,1560786629),
(2,30511,1,1560786629),
(2,30514,1,1560786629),
(2,30515,1,1560786629),
(2,30516,1,1560786629),
(2,30517,1,1560786629),
(2,30533,1,1560786629),
(2,30534,1,1560786629),
(2,30628,1,1560786629),
(2,30660,1,1560786629),
(2,30916,1,1560786629),
(2,30922,1,1560786629),
(2,30927,1,1560786629),
(2,30928,1,1560786629),
(2,30934,1,1560786629),
(2,30935,1,1560786629),
(2,30944,1,1560786629),
(2,30945,1,1560786629),
(3,28071,1,1560787109),
(3,28431,1,1560787109),
(3,28451,1,1560787109),
(3,28472,1,1560787109),
(3,30128,1,1560787109),
(3,30129,1,1560787109),
(3,30391,1,1560787109),
(3,30394,1,1560787109),
(3,30399,1,1560787109),
(3,30400,1,1560787109),
(3,30406,1,1560787109),
(3,30407,1,1560787109),
(3,30436,1,1560787109),
(3,30437,1,1560787109),
(3,30438,1,1560787109),
(3,30439,1,1560787109),
(3,30509,1,1560787109),
(3,30510,1,1560787109),
(3,30511,1,1560787109),
(3,30514,1,1560787109),
(3,30515,1,1560787109),
(3,30516,1,1560787109),
(3,30517,1,1560787109),
(3,30533,1,1560787109),
(3,30534,1,1560787109),
(3,30628,1,1560787109),
(3,30660,1,1560787109),
(3,30916,1,1560787109),
(3,30922,1,1560787109),
(3,30927,1,1560787109),
(3,30928,1,1560787109),
(3,30934,1,1560787109),
(3,30935,1,1560787109),
(3,30944,1,1560787109),
(3,30945,1,1560787109);

/*Table structure for table `character_queststatus_rewarded` */

DROP TABLE IF EXISTS `character_queststatus_rewarded`;

CREATE TABLE `character_queststatus_rewarded` (
  `guid` bigint(20) unsigned NOT NULL DEFAULT '0' COMMENT 'Global Unique Identifier',
  `quest` int(10) unsigned NOT NULL DEFAULT '0' COMMENT 'Quest Identifier',
  `active` tinyint(10) unsigned NOT NULL DEFAULT '1',
  PRIMARY KEY (`guid`,`quest`)
) ENGINE=InnoDB DEFAULT CHARSET=utf8 COMMENT='Player System';

/*Data for the table `character_queststatus_rewarded` */

insert  into `character_queststatus_rewarded`(`guid`,`quest`,`active`) values 
(2,49788,1);

/*Table structure for table `character_queststatus_seasonal` */

DROP TABLE IF EXISTS `character_queststatus_seasonal`;

CREATE TABLE `character_queststatus_seasonal` (
  `guid` bigint(20) unsigned NOT NULL DEFAULT '0' COMMENT 'Global Unique Identifier',
  `quest` int(10) unsigned NOT NULL DEFAULT '0' COMMENT 'Quest Identifier',
  `event` int(10) unsigned NOT NULL DEFAULT '0' COMMENT 'Event Identifier',
  PRIMARY KEY (`guid`,`quest`),
  KEY `idx_guid` (`guid`)
) ENGINE=InnoDB DEFAULT CHARSET=utf8 COMMENT='Player System';

/*Data for the table `character_queststatus_seasonal` */

/*Table structure for table `character_queststatus_weekly` */

DROP TABLE IF EXISTS `character_queststatus_weekly`;

CREATE TABLE `character_queststatus_weekly` (
  `guid` bigint(20) unsigned NOT NULL DEFAULT '0' COMMENT 'Global Unique Identifier',
  `quest` int(10) unsigned NOT NULL DEFAULT '0' COMMENT 'Quest Identifier',
  PRIMARY KEY (`guid`,`quest`),
  KEY `idx_guid` (`guid`)
) ENGINE=InnoDB DEFAULT CHARSET=utf8 COMMENT='Player System';

/*Data for the table `character_queststatus_weekly` */

/*Table structure for table `character_recovery` */

DROP TABLE IF EXISTS `character_recovery`;

CREATE TABLE `character_recovery` (
  `id` int(11) unsigned NOT NULL AUTO_INCREMENT,
  `delivered` tinyint(1) DEFAULT '0',
  `account` int(11) unsigned NOT NULL,
  `race` int(11) unsigned NOT NULL,
  `class` int(11) unsigned NOT NULL,
  `level` int(11) unsigned NOT NULL,
  `skill1` int(11) NOT NULL DEFAULT '0',
  `skill1_value` int(11) NOT NULL DEFAULT '0',
  `skill2` int(11) NOT NULL DEFAULT '0',
  `skill2_value` int(11) NOT NULL DEFAULT '0',
  `items` text NOT NULL,
  `spells` text NOT NULL,
  `at_login` int(11) NOT NULL DEFAULT '0',
  PRIMARY KEY (`id`)
) ENGINE=InnoDB DEFAULT CHARSET=latin1;

/*Data for the table `character_recovery` */

/*Table structure for table `character_reputation` */

DROP TABLE IF EXISTS `character_reputation`;

CREATE TABLE `character_reputation` (
  `guid` bigint(20) unsigned NOT NULL DEFAULT '0' COMMENT 'Global Unique Identifier',
  `faction` smallint(5) unsigned NOT NULL DEFAULT '0',
  `standing` int(11) NOT NULL DEFAULT '0',
  `flags` smallint(5) unsigned NOT NULL DEFAULT '0',
  PRIMARY KEY (`guid`,`faction`)
) ENGINE=InnoDB DEFAULT CHARSET=utf8 COMMENT='Player System';

/*Data for the table `character_reputation` */

insert  into `character_reputation`(`guid`,`faction`,`standing`,`flags`) values 
(1,21,0,64),
(1,46,0,4),
(1,47,0,17),
(1,54,0,17),
(1,59,0,16),
(1,67,0,14),
(1,68,0,6),
(1,69,0,17),
(1,70,0,2),
(1,72,0,17),
(1,76,0,6),
(1,81,0,6),
(1,83,0,4),
(1,86,0,4),
(1,87,0,2),
(1,92,0,2),
(1,93,0,2),
(1,169,0,12),
(1,270,0,16),
(1,289,0,4),
(1,349,0,0),
(1,369,0,64),
(1,469,0,25),
(1,470,0,64),
(1,509,0,16),
(1,510,0,2),
(1,529,0,0),
(1,530,0,6),
(1,549,0,4),
(1,550,0,4),
(1,551,0,4),
(1,569,0,4),
(1,570,0,4),
(1,571,0,4),
(1,574,0,4),
(1,576,0,0),
(1,577,0,64),
(1,589,0,0),
(1,609,0,16),
(1,729,0,6),
(1,730,0,16),
(1,749,0,0),
(1,809,0,16),
(1,889,0,6),
(1,890,0,16),
(1,891,0,24),
(1,892,0,14),
(1,909,0,16),
(1,910,0,2),
(1,911,0,6),
(1,922,0,6),
(1,930,0,17),
(1,932,0,80),
(1,933,0,16),
(1,934,0,80),
(1,935,0,16),
(1,936,0,28),
(1,941,0,6),
(1,942,0,16),
(1,946,0,16),
(1,947,0,2),
(1,948,0,8),
(1,949,0,24),
(1,952,0,0),
(1,953,0,4),
(1,967,0,16),
(1,970,0,0),
(1,978,0,16),
(1,980,0,24),
(1,989,0,16),
(1,990,0,16),
(1,1005,0,20),
(1,1011,0,16),
(1,1012,0,16),
(1,1015,0,2),
(1,1031,0,16),
(1,1037,0,136),
(1,1038,0,16),
(1,1050,0,16),
(1,1052,0,2),
(1,1064,0,6),
(1,1067,0,2),
(1,1068,0,16),
(1,1073,0,16),
(1,1077,0,16),
(1,1085,0,6),
(1,1090,0,16),
(1,1091,0,16),
(1,1094,0,16),
(1,1097,0,12),
(1,1098,0,16),
(1,1104,0,16),
(1,1105,0,16),
(1,1106,0,16),
(1,1117,0,12),
(1,1118,0,12),
(1,1119,0,2),
(1,1124,0,6),
(1,1126,0,16),
(1,1133,0,6),
(1,1134,0,17),
(1,1135,0,16),
(1,1136,0,4),
(1,1137,0,4),
(1,1154,0,4),
(1,1155,0,4),
(1,1156,0,16),
(1,1158,0,16),
(1,1162,0,8),
(1,1163,0,0),
(1,1168,0,16),
(1,1169,0,28),
(1,1171,0,66),
(1,1172,0,2),
(1,1173,0,16),
(1,1174,0,16),
(1,1177,0,0),
(1,1178,0,6),
(1,1204,0,16),
(1,1216,0,0),
(1,1228,0,2),
(1,1242,0,16),
(1,1245,0,8),
(1,1269,0,16),
(1,1270,0,16),
(1,1271,0,16),
(1,1272,0,152),
(1,1273,0,16),
(1,1275,0,16),
(1,1276,0,16),
(1,1277,0,16),
(1,1278,0,16),
(1,1279,0,16),
(1,1280,0,16),
(1,1281,0,16),
(1,1282,0,16),
(1,1283,0,16),
(1,1302,0,152),
(1,1337,0,16),
(1,1341,0,16),
(1,1345,0,16),
(1,1351,0,0),
(1,1352,0,6),
(1,1353,0,17),
(1,1357,0,4),
(1,1358,0,16),
(1,1359,0,16),
(1,1374,0,0),
(1,1375,0,2),
(1,1376,0,144),
(1,1387,0,144),
(1,1388,0,2),
(1,1416,0,0),
(1,1419,0,16),
(1,1433,0,20),
(1,1435,0,16),
(1,1440,0,16),
(1,1444,0,24),
(1,1445,0,2),
(1,1492,0,16),
(1,1515,0,16),
(1,1520,0,0),
(1,1679,0,0),
(1,1681,0,18),
(1,1682,0,16),
(1,1690,0,0),
(1,1691,0,16),
(1,1708,0,2),
(1,1710,0,16),
(1,1711,0,16),
(1,1712,0,4),
(1,1713,0,4),
(1,1714,0,4),
(1,1715,0,4),
(1,1716,0,4),
(1,1717,0,4),
(1,1718,0,4),
(1,1731,0,16),
(1,1732,0,4),
(1,1733,0,16),
(1,1735,0,0),
(1,1736,0,16),
(1,1737,0,16),
(1,1738,0,16),
(1,1739,0,0),
(1,1740,0,0),
(1,1741,0,16),
(1,1815,0,4),
(1,1828,0,16),
(1,1834,0,24),
(1,1847,0,16),
(1,1848,0,2),
(1,1849,0,16),
(1,1850,0,16),
(1,1859,0,16),
(1,1860,0,20),
(1,1861,0,20),
(1,1862,0,20),
(1,1883,0,16),
(1,1888,0,6),
(1,1894,0,16),
(1,1899,0,16),
(1,1900,0,16),
(1,1919,0,20),
(1,1947,0,20),
(1,1948,0,16),
(1,1975,0,16),
(1,1984,0,0),
(1,1989,0,4),
(1,2010,0,0),
(1,2011,0,16),
(1,2018,0,16),
(1,2045,0,16),
(1,2063,0,0),
(1,2085,0,16),
(1,2086,0,16),
(1,2087,0,16),
(1,2088,0,16),
(1,2089,0,16),
(1,2090,0,16),
(1,2091,0,16),
(1,2097,0,16),
(1,2098,0,16),
(1,2099,0,16),
(1,2100,0,16),
(1,2101,0,16),
(1,2102,0,16),
(1,2103,0,2),
(1,2104,0,0),
(1,2111,0,6),
(1,2120,0,20),
(1,2135,0,16),
(1,2156,0,2),
(1,2157,0,2),
(1,2158,0,20),
(1,2159,0,16),
(1,2160,0,16),
(1,2161,0,16),
(1,2162,0,16),
(1,2163,0,16),
(1,2164,0,16),
(1,2165,0,16),
(1,2166,0,0),
(1,2167,0,16),
(1,2170,0,16),
(1,2180,0,0),
(1,2233,0,4),
(1,2264,0,20),
(1,2265,0,20),
(2,21,0,64),
(2,46,0,4),
(2,47,0,17),
(2,54,0,17),
(2,59,0,16),
(2,67,0,14),
(2,68,0,6),
(2,69,0,17),
(2,70,0,2),
(2,72,0,17),
(2,76,0,6),
(2,81,0,6),
(2,83,0,4),
(2,86,0,4),
(2,87,0,2),
(2,92,0,2),
(2,93,0,2),
(2,169,0,12),
(2,270,0,16),
(2,289,0,4),
(2,349,0,0),
(2,369,0,64),
(2,469,0,25),
(2,470,0,64),
(2,509,0,16),
(2,510,0,2),
(2,529,0,0),
(2,530,0,6),
(2,549,0,4),
(2,550,0,4),
(2,551,0,4),
(2,569,0,4),
(2,570,0,4),
(2,571,0,4),
(2,574,0,4),
(2,576,0,0),
(2,577,0,64),
(2,589,0,0),
(2,609,0,16),
(2,729,0,6),
(2,730,0,16),
(2,749,0,0),
(2,809,0,16),
(2,889,0,6),
(2,890,0,16),
(2,891,0,24),
(2,892,0,14),
(2,909,0,16),
(2,910,0,2),
(2,911,0,6),
(2,922,0,6),
(2,930,0,17),
(2,932,0,80),
(2,933,0,16),
(2,934,0,80),
(2,935,0,16),
(2,936,0,28),
(2,941,0,6),
(2,942,0,16),
(2,946,0,16),
(2,947,0,2),
(2,948,0,0),
(2,949,0,24),
(2,952,0,0),
(2,953,0,4),
(2,967,0,16),
(2,970,0,0),
(2,978,0,16),
(2,980,0,24),
(2,989,0,16),
(2,990,0,16),
(2,1005,0,20),
(2,1011,0,16),
(2,1012,0,16),
(2,1015,0,2),
(2,1031,0,16),
(2,1037,0,136),
(2,1038,0,16),
(2,1050,0,16),
(2,1052,0,2),
(2,1064,0,6),
(2,1067,0,2),
(2,1068,0,16),
(2,1073,0,16),
(2,1077,0,16),
(2,1085,0,6),
(2,1090,0,16),
(2,1091,0,16),
(2,1094,0,16),
(2,1097,0,12),
(2,1098,0,16),
(2,1104,0,16),
(2,1105,0,16),
(2,1106,0,16),
(2,1117,0,12),
(2,1118,0,12),
(2,1119,0,2),
(2,1124,0,6),
(2,1126,0,16),
(2,1133,0,6),
(2,1134,0,17),
(2,1135,0,16),
(2,1136,0,4),
(2,1137,0,4),
(2,1154,0,4),
(2,1155,0,4),
(2,1156,0,16),
(2,1158,0,16),
(2,1162,0,8),
(2,1163,0,0),
(2,1168,0,16),
(2,1169,0,28),
(2,1171,0,66),
(2,1172,0,2),
(2,1173,0,16),
(2,1174,0,16),
(2,1177,0,0),
(2,1178,0,6),
(2,1204,0,16),
(2,1216,0,0),
(2,1228,0,2),
(2,1242,0,16),
(2,1245,0,8),
(2,1269,0,16),
(2,1270,0,16),
(2,1271,0,16),
(2,1272,0,152),
(2,1273,0,16),
(2,1275,0,16),
(2,1276,0,16),
(2,1277,0,16),
(2,1278,0,16),
(2,1279,0,16),
(2,1280,0,16),
(2,1281,0,16),
(2,1282,0,16),
(2,1283,0,16),
(2,1302,0,152),
(2,1337,0,16),
(2,1341,0,16),
(2,1345,0,16),
(2,1351,0,0),
(2,1352,0,6),
(2,1353,0,17),
(2,1357,0,4),
(2,1358,0,16),
(2,1359,0,16),
(2,1374,0,0),
(2,1375,0,2),
(2,1376,0,144),
(2,1387,0,144),
(2,1388,0,2),
(2,1416,0,0),
(2,1419,0,16),
(2,1433,0,20),
(2,1435,0,16),
(2,1440,0,16),
(2,1444,0,24),
(2,1445,0,2),
(2,1492,0,16),
(2,1515,0,16),
(2,1520,0,0),
(2,1679,0,0),
(2,1681,0,18),
(2,1682,0,16),
(2,1690,0,0),
(2,1691,0,16),
(2,1708,0,2),
(2,1710,0,16),
(2,1711,0,16),
(2,1712,0,4),
(2,1713,0,4),
(2,1714,0,4),
(2,1715,0,4),
(2,1716,0,4),
(2,1717,0,4),
(2,1718,0,4),
(2,1731,0,16),
(2,1732,0,4),
(2,1733,0,16),
(2,1735,0,0),
(2,1736,0,16),
(2,1737,0,16),
(2,1738,0,16),
(2,1739,0,0),
(2,1740,0,0),
(2,1741,0,16),
(2,1815,0,4),
(2,1828,0,16),
(2,1834,0,24),
(2,1847,0,16),
(2,1848,0,2),
(2,1849,0,16),
(2,1850,0,16),
(2,1859,0,16),
(2,1860,0,20),
(2,1861,0,20),
(2,1862,0,20),
(2,1883,0,16),
(2,1888,0,6),
(2,1894,0,16),
(2,1899,0,16),
(2,1900,0,16),
(2,1919,0,20),
(2,1947,0,20),
(2,1948,0,16),
(2,1975,0,16),
(2,1984,0,0),
(2,1989,0,4),
(2,2010,0,0),
(2,2011,0,16),
(2,2018,0,16),
(2,2045,0,16),
(2,2063,0,0),
(2,2085,0,16),
(2,2086,0,0),
(2,2087,0,16),
(2,2088,0,16),
(2,2089,0,16),
(2,2090,0,16),
(2,2091,0,16),
(2,2097,0,16),
(2,2098,0,16),
(2,2099,0,16),
(2,2100,0,16),
(2,2101,0,16),
(2,2102,0,16),
(2,2103,0,2),
(2,2104,0,0),
(2,2111,0,0),
(2,2120,0,20),
(2,2135,0,16),
(2,2156,0,2),
(2,2157,0,2),
(2,2158,0,20),
(2,2159,0,16),
(2,2160,0,16),
(2,2161,0,16),
(2,2162,0,16),
(2,2163,0,16),
(2,2164,0,16),
(2,2165,0,16),
(2,2166,0,0),
(2,2167,0,16),
(2,2170,0,17),
(2,2180,0,0),
(2,2233,0,4),
(2,2264,0,20),
(2,2265,0,20),
(3,21,0,64),
(3,46,0,4),
(3,47,0,17),
(3,54,0,17),
(3,59,0,16),
(3,67,0,14),
(3,68,0,6),
(3,69,0,17),
(3,70,0,2),
(3,72,0,17),
(3,76,0,6),
(3,81,0,6),
(3,83,0,4),
(3,86,0,4),
(3,87,0,2),
(3,92,0,2),
(3,93,0,2),
(3,169,0,12),
(3,270,0,16),
(3,289,0,4),
(3,349,0,0),
(3,369,0,64),
(3,469,0,25),
(3,470,0,64),
(3,509,0,16),
(3,510,0,2),
(3,529,0,0),
(3,530,0,6),
(3,549,0,4),
(3,550,0,4),
(3,551,0,4),
(3,569,0,4),
(3,570,0,4),
(3,571,0,4),
(3,574,0,4),
(3,576,0,0),
(3,577,0,64),
(3,589,0,0),
(3,609,0,16),
(3,729,0,6),
(3,730,0,16),
(3,749,0,0),
(3,809,0,16),
(3,889,0,6),
(3,890,0,16),
(3,891,0,24),
(3,892,0,14),
(3,909,0,16),
(3,910,0,0),
(3,911,0,6),
(3,922,0,6),
(3,930,0,17),
(3,932,0,80),
(3,933,0,16),
(3,934,0,80),
(3,935,0,16),
(3,936,0,28),
(3,941,0,6),
(3,942,0,16),
(3,946,0,16),
(3,947,0,0),
(3,948,0,8),
(3,949,0,24),
(3,952,0,0),
(3,953,0,4),
(3,967,0,16),
(3,970,0,0),
(3,978,0,16),
(3,980,0,24),
(3,989,0,16),
(3,990,0,16),
(3,1005,0,20),
(3,1011,0,16),
(3,1012,0,16),
(3,1015,0,2),
(3,1031,0,16),
(3,1037,0,136),
(3,1038,0,16),
(3,1050,0,16),
(3,1052,0,0),
(3,1064,0,6),
(3,1067,0,0),
(3,1068,0,16),
(3,1073,0,16),
(3,1077,0,16),
(3,1085,0,6),
(3,1090,0,16),
(3,1091,0,16),
(3,1094,0,16),
(3,1097,0,12),
(3,1098,0,16),
(3,1104,0,16),
(3,1105,0,16),
(3,1106,0,16),
(3,1117,0,12),
(3,1118,0,12),
(3,1119,0,0),
(3,1124,0,6),
(3,1126,0,16),
(3,1133,0,6),
(3,1134,0,17),
(3,1135,0,16),
(3,1136,0,4),
(3,1137,0,4),
(3,1154,0,4),
(3,1155,0,4),
(3,1156,0,16),
(3,1158,0,16),
(3,1162,0,8),
(3,1163,0,0),
(3,1168,0,16),
(3,1169,0,28),
(3,1171,0,64),
(3,1172,0,0),
(3,1173,0,16),
(3,1174,0,16),
(3,1177,0,0),
(3,1178,0,6),
(3,1204,0,16),
(3,1216,0,0),
(3,1228,0,2),
(3,1242,0,16),
(3,1245,0,8),
(3,1269,0,16),
(3,1270,0,16),
(3,1271,0,16),
(3,1272,0,152),
(3,1273,0,16),
(3,1275,0,16),
(3,1276,0,16),
(3,1277,0,16),
(3,1278,0,16),
(3,1279,0,16),
(3,1280,0,16),
(3,1281,0,16),
(3,1282,0,16),
(3,1283,0,16),
(3,1302,0,152),
(3,1337,0,16),
(3,1341,0,16),
(3,1345,0,16),
(3,1351,0,0),
(3,1352,0,6),
(3,1353,0,17),
(3,1357,0,4),
(3,1358,0,16),
(3,1359,0,16),
(3,1374,0,0),
(3,1375,0,2),
(3,1376,0,144),
(3,1387,0,144),
(3,1388,0,2),
(3,1416,0,0),
(3,1419,0,16),
(3,1433,0,20),
(3,1435,0,16),
(3,1440,0,16),
(3,1444,0,24),
(3,1445,0,2),
(3,1492,0,16),
(3,1515,0,16),
(3,1520,0,0),
(3,1679,0,0),
(3,1681,0,18),
(3,1682,0,16),
(3,1690,0,0),
(3,1691,0,16),
(3,1708,0,2),
(3,1710,0,16),
(3,1711,0,16),
(3,1712,0,4),
(3,1713,0,4),
(3,1714,0,4),
(3,1715,0,4),
(3,1716,0,4),
(3,1717,0,4),
(3,1718,0,4),
(3,1731,0,16),
(3,1732,0,4),
(3,1733,0,16),
(3,1735,0,0),
(3,1736,0,16),
(3,1737,0,16),
(3,1738,0,16),
(3,1739,0,0),
(3,1740,0,0),
(3,1741,0,16),
(3,1815,0,4),
(3,1828,0,16),
(3,1834,0,24),
(3,1847,0,16),
(3,1848,0,2),
(3,1849,0,16),
(3,1850,0,16),
(3,1859,0,16),
(3,1860,0,20),
(3,1861,0,20),
(3,1862,0,20),
(3,1883,0,16),
(3,1888,0,6),
(3,1894,0,16),
(3,1899,0,16),
(3,1900,0,16),
(3,1919,0,20),
(3,1947,0,20),
(3,1948,0,16),
(3,1975,0,16),
(3,1984,0,0),
(3,1989,0,4),
(3,2010,0,0),
(3,2011,0,16),
(3,2018,0,16),
(3,2045,0,16),
(3,2063,0,0),
(3,2085,0,16),
(3,2086,0,16),
(3,2087,0,16),
(3,2088,0,16),
(3,2089,0,16),
(3,2090,0,16),
(3,2091,0,16),
(3,2097,0,16),
(3,2098,0,16),
(3,2099,0,16),
(3,2100,0,16),
(3,2101,0,16),
(3,2102,0,16),
(3,2103,0,2),
(3,2104,0,0),
(3,2111,0,6),
(3,2120,0,20),
(3,2135,0,16),
(3,2156,0,2),
(3,2157,0,2),
(3,2158,0,20),
(3,2159,0,16),
(3,2160,0,16),
(3,2161,0,16),
(3,2162,0,16),
(3,2163,0,16),
(3,2164,0,16),
(3,2165,0,16),
(3,2166,0,0),
(3,2167,0,16),
(3,2170,0,16),
(3,2180,0,0),
(3,2233,0,4),
(3,2264,0,20),
(3,2265,0,20);

/*Table structure for table `character_shop` */

DROP TABLE IF EXISTS `character_shop`;

CREATE TABLE `character_shop` (
  `id` int(10) unsigned NOT NULL AUTO_INCREMENT,
  `guid` bigint(20) NOT NULL,
  `type` tinyint(3) NOT NULL,
  `itemId` int(10) NOT NULL DEFAULT '0',
  `itemCount` int(10) NOT NULL DEFAULT '0',
  `delivered` tinyint(3) NOT NULL DEFAULT '0',
  PRIMARY KEY (`id`)
) ENGINE=InnoDB DEFAULT CHARSET=utf8mb4;

/*Data for the table `character_shop` */

/*Table structure for table `character_skills` */

DROP TABLE IF EXISTS `character_skills`;

CREATE TABLE `character_skills` (
  `guid` bigint(20) unsigned NOT NULL COMMENT 'Global Unique Identifier',
  `skill` smallint(5) unsigned NOT NULL,
  `value` smallint(5) unsigned NOT NULL,
  `max` smallint(5) unsigned NOT NULL,
  PRIMARY KEY (`guid`,`skill`)
) ENGINE=InnoDB DEFAULT CHARSET=utf8 COMMENT='Player System';

/*Data for the table `character_skills` */

insert  into `character_skills`(`guid`,`skill`,`value`,`max`) values 
(1,43,1,5),
(1,44,1,5),
(1,45,1,5),
(1,46,1,5),
(1,54,1,5),
(1,55,1,5),
(1,95,1,5),
(1,98,300,300),
(1,118,1,1),
(1,136,1,5),
(1,160,1,5),
(1,162,1,5),
(1,172,1,5),
(1,173,1,5),
(1,183,105,105),
(1,226,1,5),
(1,229,1,5),
(1,293,1,1),
(1,413,1,1),
(1,414,1,1),
(1,415,1,1),
(1,433,1,1),
(1,473,1,105),
(1,754,105,105),
(1,777,105,105),
(1,810,105,105),
(1,840,105,105),
(1,934,105,105),
(2,43,1,100),
(2,95,1,100),
(2,98,300,300),
(2,113,300,300),
(2,136,1,100),
(2,137,300,300),
(2,162,1,100),
(2,173,1,100),
(2,183,100,100),
(2,228,100,100),
(2,415,1,1),
(2,762,75,75),
(2,777,100,100),
(2,810,100,100),
(2,904,100,100),
(2,934,100,100),
(2,2423,100,100),
(3,43,1,5),
(3,95,1,5),
(3,98,300,300),
(3,136,1,5),
(3,162,1,5),
(3,173,1,5),
(3,183,5,5),
(3,228,5,5),
(3,313,300,300),
(3,415,1,1),
(3,753,5,5),
(3,777,5,5),
(3,810,5,5),
(3,904,5,5),
(3,934,5,5);

/*Table structure for table `character_social` */

DROP TABLE IF EXISTS `character_social`;

CREATE TABLE `character_social` (
  `guid` bigint(20) unsigned NOT NULL DEFAULT '0' COMMENT 'Character Global Unique Identifier',
  `friend` bigint(20) unsigned NOT NULL DEFAULT '0' COMMENT 'Friend Global Unique Identifier',
  `flags` tinyint(3) unsigned NOT NULL DEFAULT '0' COMMENT 'Friend Flags',
  `note` varchar(48) NOT NULL DEFAULT '' COMMENT 'Friend Note',
  PRIMARY KEY (`guid`,`friend`,`flags`),
  KEY `friend` (`friend`)
) ENGINE=InnoDB DEFAULT CHARSET=utf8 COMMENT='Player System';

/*Data for the table `character_social` */

/*Table structure for table `character_spell` */

DROP TABLE IF EXISTS `character_spell`;

CREATE TABLE `character_spell` (
  `guid` bigint(20) unsigned NOT NULL DEFAULT '0' COMMENT 'Global Unique Identifier',
  `spell` mediumint(8) unsigned NOT NULL DEFAULT '0' COMMENT 'Spell Identifier',
  `active` tinyint(3) unsigned NOT NULL DEFAULT '1',
  `disabled` tinyint(3) unsigned NOT NULL DEFAULT '0',
  PRIMARY KEY (`guid`,`spell`)
) ENGINE=InnoDB DEFAULT CHARSET=utf8 COMMENT='Player System';

/*Data for the table `character_spell` */

insert  into `character_spell`(`guid`,`spell`,`active`,`disabled`) values 
(1,1464,1,1),
(1,5308,1,0),
(1,7384,1,1),
(1,12294,1,1),
(1,23881,1,0),
(1,34428,1,0),
(1,46917,1,0),
(1,85288,1,0),
(1,137049,1,1),
(1,137050,1,0),
(1,162698,1,0),
(1,163201,1,1),
(1,184361,1,0),
(1,184367,1,0),
(1,195710,1,0),
(1,209694,1,0),
(1,231842,1,0),
(1,279423,1,1),
(2,116,1,0),
(2,12982,1,0),
(2,30455,1,0),
(2,31687,1,0),
(2,44614,1,0),
(2,108853,1,0),
(2,137020,1,0),
(2,162699,1,0),
(2,190356,1,0),
(2,195710,1,0),
(2,259202,1,0),
(3,116,1,0),
(3,137020,1,0),
(3,162699,1,0),
(3,195710,1,0);

/*Table structure for table `character_spell_charges` */

DROP TABLE IF EXISTS `character_spell_charges`;

CREATE TABLE `character_spell_charges` (
  `guid` bigint(20) unsigned NOT NULL DEFAULT '0' COMMENT 'Global Unique Identifier, Low part',
  `categoryId` int(10) unsigned NOT NULL DEFAULT '0' COMMENT 'SpellCategory.dbc Identifier',
  `rechargeStart` int(10) unsigned NOT NULL DEFAULT '0',
  `rechargeEnd` int(10) unsigned NOT NULL DEFAULT '0',
  KEY `idx_guid` (`guid`) USING BTREE
) ENGINE=InnoDB DEFAULT CHARSET=utf8;

/*Data for the table `character_spell_charges` */

/*Table structure for table `character_spell_cooldown` */

DROP TABLE IF EXISTS `character_spell_cooldown`;

CREATE TABLE `character_spell_cooldown` (
  `guid` bigint(20) unsigned NOT NULL DEFAULT '0' COMMENT 'Global Unique Identifier, Low part',
  `spell` int(10) unsigned NOT NULL DEFAULT '0' COMMENT 'Spell Identifier',
  `item` int(10) unsigned NOT NULL DEFAULT '0' COMMENT 'Item Identifier',
  `time` int(10) unsigned NOT NULL DEFAULT '0',
  `categoryId` int(10) unsigned NOT NULL DEFAULT '0' COMMENT 'Spell category Id',
  `categoryEnd` int(10) unsigned NOT NULL DEFAULT '0',
  PRIMARY KEY (`guid`,`spell`)
) ENGINE=InnoDB DEFAULT CHARSET=utf8;

/*Data for the table `character_spell_cooldown` */

/*Table structure for table `character_stats` */

DROP TABLE IF EXISTS `character_stats`;

CREATE TABLE `character_stats` (
  `guid` bigint(20) unsigned NOT NULL DEFAULT '0' COMMENT 'Global Unique Identifier, Low part',
  `maxhealth` int(10) unsigned NOT NULL DEFAULT '0',
  `maxpower1` int(10) unsigned NOT NULL DEFAULT '0',
  `maxpower2` int(10) unsigned NOT NULL DEFAULT '0',
  `maxpower3` int(10) unsigned NOT NULL DEFAULT '0',
  `maxpower4` int(10) unsigned NOT NULL DEFAULT '0',
  `maxpower5` int(10) unsigned NOT NULL DEFAULT '0',
  `maxpower6` int(10) unsigned NOT NULL DEFAULT '0',
  `strength` int(10) unsigned NOT NULL DEFAULT '0',
  `agility` int(10) unsigned NOT NULL DEFAULT '0',
  `stamina` int(10) unsigned NOT NULL DEFAULT '0',
  `intellect` int(10) unsigned NOT NULL DEFAULT '0',
  `armor` int(10) unsigned NOT NULL DEFAULT '0',
  `resHoly` int(10) unsigned NOT NULL DEFAULT '0',
  `resFire` int(10) unsigned NOT NULL DEFAULT '0',
  `resNature` int(10) unsigned NOT NULL DEFAULT '0',
  `resFrost` int(10) unsigned NOT NULL DEFAULT '0',
  `resShadow` int(10) unsigned NOT NULL DEFAULT '0',
  `resArcane` int(10) unsigned NOT NULL DEFAULT '0',
  `blockPct` float unsigned NOT NULL DEFAULT '0',
  `dodgePct` float unsigned NOT NULL DEFAULT '0',
  `parryPct` float unsigned NOT NULL DEFAULT '0',
  `critPct` float unsigned NOT NULL DEFAULT '0',
  `rangedCritPct` float unsigned NOT NULL DEFAULT '0',
  `spellCritPct` float unsigned NOT NULL DEFAULT '0',
  `attackPower` int(10) unsigned NOT NULL DEFAULT '0',
  `rangedAttackPower` int(10) unsigned NOT NULL DEFAULT '0',
  `spellPower` int(10) unsigned NOT NULL DEFAULT '0',
  `resilience` int(10) unsigned NOT NULL DEFAULT '0',
  PRIMARY KEY (`guid`)
) ENGINE=InnoDB DEFAULT CHARSET=utf8;

/*Data for the table `character_stats` */

/*Table structure for table `character_talent` */

DROP TABLE IF EXISTS `character_talent`;

CREATE TABLE `character_talent` (
  `guid` bigint(20) unsigned NOT NULL,
  `talentId` mediumint(8) unsigned NOT NULL,
  `talentGroup` tinyint(3) unsigned NOT NULL DEFAULT '0',
  PRIMARY KEY (`guid`,`talentId`,`talentGroup`)
) ENGINE=InnoDB DEFAULT CHARSET=utf8;

/*Data for the table `character_talent` */

/*Table structure for table `character_transmog_outfits` */

DROP TABLE IF EXISTS `character_transmog_outfits`;

CREATE TABLE `character_transmog_outfits` (
  `guid` bigint(20) NOT NULL DEFAULT '0',
  `setguid` bigint(20) NOT NULL AUTO_INCREMENT,
  `setindex` tinyint(3) unsigned NOT NULL DEFAULT '0',
  `name` varchar(128) NOT NULL,
  `iconname` varchar(256) NOT NULL,
  `ignore_mask` int(11) NOT NULL DEFAULT '0',
  `appearance0` int(10) NOT NULL DEFAULT '0',
  `appearance1` int(10) NOT NULL DEFAULT '0',
  `appearance2` int(10) NOT NULL DEFAULT '0',
  `appearance3` int(10) NOT NULL DEFAULT '0',
  `appearance4` int(10) NOT NULL DEFAULT '0',
  `appearance5` int(10) NOT NULL DEFAULT '0',
  `appearance6` int(10) NOT NULL DEFAULT '0',
  `appearance7` int(10) NOT NULL DEFAULT '0',
  `appearance8` int(10) NOT NULL DEFAULT '0',
  `appearance9` int(10) NOT NULL DEFAULT '0',
  `appearance10` int(10) NOT NULL DEFAULT '0',
  `appearance11` int(10) NOT NULL DEFAULT '0',
  `appearance12` int(10) NOT NULL DEFAULT '0',
  `appearance13` int(10) NOT NULL DEFAULT '0',
  `appearance14` int(10) NOT NULL DEFAULT '0',
  `appearance15` int(10) NOT NULL DEFAULT '0',
  `appearance16` int(10) NOT NULL DEFAULT '0',
  `appearance17` int(10) NOT NULL DEFAULT '0',
  `appearance18` int(10) NOT NULL DEFAULT '0',
  `mainHandEnchant` int(10) NOT NULL DEFAULT '0',
  `offHandEnchant` int(10) NOT NULL DEFAULT '0',
  PRIMARY KEY (`setguid`),
  UNIQUE KEY `idx_set` (`guid`,`setguid`,`setindex`),
  KEY `Idx_setindex` (`setindex`)
) ENGINE=InnoDB DEFAULT CHARSET=utf8;

/*Data for the table `character_transmog_outfits` */

/*Table structure for table `character_void_storage` */

DROP TABLE IF EXISTS `character_void_storage`;

CREATE TABLE `character_void_storage` (
  `itemId` bigint(20) unsigned NOT NULL,
  `playerGuid` bigint(20) unsigned NOT NULL,
  `itemEntry` mediumint(8) unsigned NOT NULL,
  `slot` tinyint(3) unsigned NOT NULL,
  `creatorGuid` bigint(20) unsigned NOT NULL DEFAULT '0',
  `randomPropertyType` tinyint(3) unsigned NOT NULL DEFAULT '0',
  `randomProperty` int(10) unsigned NOT NULL DEFAULT '0',
  `suffixFactor` int(10) unsigned NOT NULL DEFAULT '0',
  `upgradeId` int(10) unsigned NOT NULL DEFAULT '0',
  `fixedScalingLevel` int(10) unsigned DEFAULT '0',
  `artifactKnowledgeLevel` int(10) unsigned DEFAULT '0',
  `challengeId` int(10) unsigned NOT NULL DEFAULT '0',
  `challengeLevel` int(10) unsigned NOT NULL DEFAULT '0',
  `challengeAffix1` int(10) unsigned NOT NULL DEFAULT '0',
  `challengeAffix2` int(10) unsigned NOT NULL DEFAULT '0',
  `challengeAffix3` int(10) unsigned NOT NULL DEFAULT '0',
  `challengeIsCharged` int(10) unsigned NOT NULL DEFAULT '0',
  `context` tinyint(3) unsigned NOT NULL DEFAULT '0',
  `bonusListIDs` text,
  PRIMARY KEY (`itemId`),
  UNIQUE KEY `idx_player_slot` (`playerGuid`,`slot`),
  KEY `idx_player` (`playerGuid`)
) ENGINE=InnoDB DEFAULT CHARSET=utf8;

/*Data for the table `character_void_storage` */

/*Table structure for table `characters` */

DROP TABLE IF EXISTS `characters`;

CREATE TABLE `characters` (
  `guid` bigint(20) unsigned NOT NULL DEFAULT '0' COMMENT 'Global Unique Identifier',
  `account` int(10) unsigned NOT NULL DEFAULT '0' COMMENT 'Account Identifier',
  `name` varchar(12) CHARACTER SET utf8 COLLATE utf8_bin NOT NULL,
  `slot` tinyint(3) unsigned NOT NULL DEFAULT '0',
  `race` tinyint(3) unsigned NOT NULL DEFAULT '0',
  `class` tinyint(3) unsigned NOT NULL DEFAULT '0',
  `gender` tinyint(3) unsigned NOT NULL DEFAULT '0',
  `level` tinyint(3) unsigned NOT NULL DEFAULT '0',
  `xp` int(10) unsigned NOT NULL DEFAULT '0',
  `money` bigint(20) unsigned NOT NULL DEFAULT '0',
  `skin` tinyint(3) unsigned NOT NULL DEFAULT '0',
  `face` tinyint(3) unsigned NOT NULL DEFAULT '0',
  `hairStyle` tinyint(3) unsigned NOT NULL DEFAULT '0',
  `hairColor` tinyint(3) unsigned NOT NULL DEFAULT '0',
  `facialStyle` tinyint(3) unsigned NOT NULL DEFAULT '0',
  `customDisplay1` tinyint(3) unsigned NOT NULL DEFAULT '0',
  `customDisplay2` tinyint(3) unsigned NOT NULL DEFAULT '0',
  `customDisplay3` tinyint(3) unsigned NOT NULL DEFAULT '0',
  `inventorySlots` tinyint(3) unsigned NOT NULL DEFAULT '16',
  `bankSlots` tinyint(3) unsigned NOT NULL DEFAULT '0',
  `restState` tinyint(3) unsigned NOT NULL DEFAULT '0',
  `playerFlags` int(10) unsigned NOT NULL DEFAULT '0',
  `playerFlagsEx` int(10) unsigned NOT NULL DEFAULT '0',
  `position_x` float NOT NULL DEFAULT '0',
  `position_y` float NOT NULL DEFAULT '0',
  `position_z` float NOT NULL DEFAULT '0',
  `map` smallint(5) unsigned NOT NULL DEFAULT '0' COMMENT 'Map Identifier',
  `instance_id` int(10) unsigned NOT NULL DEFAULT '0',
  `dungeonDifficulty` tinyint(3) unsigned NOT NULL DEFAULT '1',
  `raidDifficulty` tinyint(3) unsigned NOT NULL DEFAULT '14',
  `legacyRaidDifficulty` tinyint(3) unsigned NOT NULL DEFAULT '3',
  `orientation` float NOT NULL DEFAULT '0',
  `taximask` text NOT NULL,
  `online` tinyint(3) unsigned NOT NULL DEFAULT '0',
  `cinematic` tinyint(3) unsigned NOT NULL DEFAULT '0',
  `totaltime` int(10) unsigned NOT NULL DEFAULT '0',
  `leveltime` int(10) unsigned NOT NULL DEFAULT '0',
  `logout_time` int(10) unsigned NOT NULL DEFAULT '0',
  `is_logout_resting` tinyint(3) unsigned NOT NULL DEFAULT '0',
  `rest_bonus` float NOT NULL DEFAULT '0',
  `resettalents_cost` int(10) unsigned NOT NULL DEFAULT '0',
  `resettalents_time` int(10) unsigned NOT NULL DEFAULT '0',
  `primarySpecialization` int(10) unsigned NOT NULL DEFAULT '0',
  `trans_x` float NOT NULL DEFAULT '0',
  `trans_y` float NOT NULL DEFAULT '0',
  `trans_z` float NOT NULL DEFAULT '0',
  `trans_o` float NOT NULL DEFAULT '0',
  `transguid` bigint(20) unsigned NOT NULL DEFAULT '0',
  `extra_flags` smallint(5) unsigned NOT NULL DEFAULT '0',
  `stable_slots` tinyint(3) unsigned NOT NULL DEFAULT '0',
  `at_login` smallint(5) unsigned NOT NULL DEFAULT '0',
  `zone` smallint(5) unsigned NOT NULL DEFAULT '0',
  `death_expire_time` int(10) unsigned NOT NULL DEFAULT '0',
  `taxi_path` text,
  `totalKills` int(10) unsigned NOT NULL DEFAULT '0',
  `todayKills` smallint(5) unsigned NOT NULL DEFAULT '0',
  `yesterdayKills` smallint(5) unsigned NOT NULL DEFAULT '0',
  `chosenTitle` int(10) unsigned NOT NULL DEFAULT '0',
  `watchedFaction` int(10) unsigned NOT NULL DEFAULT '0',
  `drunk` tinyint(3) unsigned NOT NULL DEFAULT '0',
  `health` int(10) unsigned NOT NULL DEFAULT '0',
  `power1` int(10) unsigned NOT NULL DEFAULT '0',
  `power2` int(10) unsigned NOT NULL DEFAULT '0',
  `power3` int(10) unsigned NOT NULL DEFAULT '0',
  `power4` int(10) unsigned NOT NULL DEFAULT '0',
  `power5` int(10) unsigned NOT NULL DEFAULT '0',
  `power6` int(10) unsigned NOT NULL DEFAULT '0',
  `latency` mediumint(8) unsigned NOT NULL DEFAULT '0',
  `activeTalentGroup` tinyint(3) unsigned NOT NULL DEFAULT '0',
  `lootSpecId` int(10) unsigned NOT NULL DEFAULT '0',
  `exploredZones` longtext,
  `equipmentCache` longtext,
  `knownTitles` longtext,
  `actionBars` tinyint(3) unsigned NOT NULL DEFAULT '0',
  `grantableLevels` tinyint(3) unsigned NOT NULL DEFAULT '0',
  `xpRate` tinyint(3) unsigned NOT NULL DEFAULT '1',
  `deleteInfos_Account` int(10) unsigned DEFAULT NULL,
  `deleteInfos_Name` varchar(12) DEFAULT NULL,
  `deleteDate` int(10) unsigned DEFAULT NULL,
  `honor` int(10) unsigned NOT NULL DEFAULT '0',
  `honorLevel` int(10) unsigned NOT NULL DEFAULT '1',
  `honorRestState` tinyint(3) unsigned NOT NULL DEFAULT '2',
  `honorRestBonus` float NOT NULL DEFAULT '0',
  `lastLoginBuild` int(10) unsigned NOT NULL DEFAULT '0',
  PRIMARY KEY (`guid`),
  KEY `idx_account` (`account`),
  KEY `idx_online` (`online`),
  KEY `idx_name` (`name`)
) ENGINE=InnoDB DEFAULT CHARSET=utf8 COMMENT='Player System';

/*Data for the table `characters` */

insert  into `characters`(`guid`,`account`,`name`,`slot`,`race`,`class`,`gender`,`level`,`xp`,`money`,`skin`,`face`,`hairStyle`,`hairColor`,`facialStyle`,`customDisplay1`,`customDisplay2`,`customDisplay3`,`inventorySlots`,`bankSlots`,`restState`,`playerFlags`,`playerFlagsEx`,`position_x`,`position_y`,`position_z`,`map`,`instance_id`,`dungeonDifficulty`,`raidDifficulty`,`legacyRaidDifficulty`,`orientation`,`taximask`,`online`,`cinematic`,`totaltime`,`leveltime`,`logout_time`,`is_logout_resting`,`rest_bonus`,`resettalents_cost`,`resettalents_time`,`primarySpecialization`,`trans_x`,`trans_y`,`trans_z`,`trans_o`,`transguid`,`extra_flags`,`stable_slots`,`at_login`,`zone`,`death_expire_time`,`taxi_path`,`totalKills`,`todayKills`,`yesterdayKills`,`chosenTitle`,`watchedFaction`,`drunk`,`health`,`power1`,`power2`,`power3`,`power4`,`power5`,`power6`,`latency`,`activeTalentGroup`,`lootSpecId`,`exploredZones`,`equipmentCache`,`knownTitles`,`actionBars`,`grantableLevels`,`xpRate`,`deleteInfos_Account`,`deleteInfos_Name`,`deleteDate`,`honor`,`honorLevel`,`honorRestState`,`honorRestBonus`,`lastLoginBuild`) values 
(1,5,'Testwar',0,1,1,0,21,0,99999999999,2,0,14,8,8,0,0,0,16,0,2,0,0,-8823.15,-76.2582,86.817,0,0,1,14,3,2.09386,'34 0 0 6 0 0 1 0 0 0 0 32 8 0 0 0 0 0 0 0 0 0 0 0 0 0 0 0 0 0 0 0 0 0 0 0 0 0 0 0 0 0 0 0 0 0 0 0 0 0 0 0 0 0 0 0 128 1 0 0 0 0 0 0 0 0 0 0 0 0 0 0 32 16 0 0 0 140 0 0 0 0 0 0 0 0 0 0 0 0 0 0 0 0 0 0 0 0 0 0 0 0 0 0 0 0 0 0 0 0 0 0 0 0 0 0 0 0 0 0 0 0 0 0 0 0 0 0 0 0 0 0 0 0 0 0 0 0 0 0 0 0 0 0 0 0 0 0 0 0 0 0 0 0 0 0 0 0 0 0 0 0 0 0 0 0 0 0 0 0 0 0 0 0 0 0 0 0 0 0 0 0 0 0 0 0 0 0 0 0 0 0 0 0 0 0 0 0 0 0 0 0 0 0 0 0 0 0 0 0 0 0 0 0 0 0 0 0 0 0 0 0 0 0 0 0 0 0 0 0 0 0 0 0 0 0 0 0 0 0 0 0 0 0 0 0 0 0 0 0 0 0 0 0 0 0 0 0 0 0 0 0 0 0 0 0 0 0 0 0 0 0 0 0 0 0 0 0 0 0 0 0 0 0 0 0 ',0,1,517,147,1557680902,0,1.4167,0,0,71,0,0,0,0,0,0,0,0,6170,0,'',0,0,0,0,4294967295,0,324,120,0,0,0,0,0,14,1,0,'0 0 0 536870912 0 0 0 0 0 0 0 0 0 0 0 0 0 0 0 0 0 0 0 0 0 0 0 0 0 0 0 0 0 0 0 0 0 0 0 0 0 0 0 0 0 0 0 0 0 0 0 0 0 0 0 0 0 0 0 0 0 0 0 0 0 0 0 0 0 0 0 0 0 0 0 0 0 0 0 0 0 0 0 0 0 0 0 0 0 0 0 0 0 0 0 0 0 0 0 0 0 0 0 0 0 0 0 0 0 0 0 0 0 0 0 0 0 0 0 0 0 0 0 0 0 0 0 0 0 0 0 0 0 0 0 0 0 0 0 0 0 0 0 0 0 0 0 0 0 0 0 0 0 0 0 0 0 0 0 0 0 0 0 0 0 0 0 0 0 0 0 0 0 0 0 0 0 0 0 0 0 0 0 0 0 0 0 0 0 0 0 0 0 0 0 0 0 0 0 0 0 0 0 0 0 0 0 0 0 0 0 0 0 0 0 0 0 0 0 0 0 0 0 0 0 0 0 0 0 0 0 0 0 0 0 0 0 0 0 0 0 0 0 0 0 0 0 0 0 0 0 0 0 0 0 0 0 0 0 0 0 0 0 0 0 0 0 0 0 0 0 0 0 0 0 0 0 0 0 0 0 0 0 0 0 0 0 0 0 0 0 0 0 0 0 0 0 0 0 0 0 0 0 0 0 0 0 0 0 0 0 0 0 0 0 0 0 0 0 0 ','0 0 0 0 0 0 0 0 0 0 0 0 5 147824 0 0 0 0 7 6050 0 8 6051 0 0 0 0 0 0 0 0 0 0 0 0 0 0 0 0 0 0 0 0 0 0 17 1627 0 0 0 0 0 0 0 0 0 0 0 0 0 0 0 0 0 0 0 0 0 0 ','0 0 0 0 0 0 0 0 0 0 0 0 ',0,0,1,NULL,NULL,NULL,0,0,0,7.18866e-43,28153),
(2,6,'Verta',0,29,8,1,20,463,125,2,2,0,3,4,0,0,0,16,0,1,32,0,-8639.88,1326.76,5.23393,0,0,1,14,3,2.68616,'34 0 0 6 0 0 1 0 0 0 0 32 8 0 0 0 0 0 0 0 0 0 0 0 0 0 0 0 0 0 0 0 0 0 0 0 0 0 0 0 0 0 0 0 0 0 0 0 0 0 0 0 0 0 0 0 128 1 0 0 0 0 0 0 0 0 0 0 0 0 0 0 32 16 0 0 0 140 0 0 0 0 0 0 0 0 0 0 0 0 0 0 0 0 0 0 0 0 0 0 0 0 0 0 0 0 0 0 0 0 0 0 0 0 0 0 0 0 0 0 0 0 0 0 0 0 0 0 0 0 0 0 0 0 0 0 0 0 0 0 0 0 0 0 0 0 0 0 0 0 0 0 0 0 0 0 0 0 0 0 0 0 0 0 0 0 0 0 0 0 0 0 0 0 0 0 0 0 0 0 0 0 0 0 0 0 0 0 0 0 0 0 0 0 0 0 0 0 0 0 0 0 0 0 0 0 0 0 0 0 0 0 0 0 0 0 0 0 0 0 0 0 0 0 0 0 0 0 0 0 0 0 0 0 0 0 0 0 0 0 0 0 0 0 0 0 0 0 0 0 0 0 0 0 0 0 0 0 0 0 0 0 0 0 0 0 0 0 0 0 0 0 0 0 0 0 0 0 0 0 0 0 0 0 0 0 ',0,1,386,386,1560787024,1,16.8204,0,0,64,0,0,0,0,0,4,0,0,1519,0,'',0,0,0,0,4294967295,0,842,995,0,0,0,0,0,10,2,0,'0 0 0 0 0 0 0 0 0 0 0 0 0 0 0 0 0 0 0 0 0 65536 0 0 0 0 0 0 0 0 0 0 0 0 0 0 0 0 0 0 0 0 0 0 0 0 0 0 0 0 0 0 0 0 0 0 0 0 0 0 0 0 0 0 0 0 0 0 512 0 0 0 0 0 0 0 0 0 0 0 0 0 0 0 0 0 0 0 0 0 0 0 0 0 0 0 0 0 0 0 0 0 0 0 0 0 0 0 0 0 0 0 0 0 0 0 0 0 0 0 0 0 0 144 0 536870912 0 0 128 0 0 0 0 0 0 0 0 0 0 0 0 0 0 0 0 0 0 0 0 0 0 0 0 0 0 0 0 0 0 0 0 0 0 0 0 0 0 0 0 0 0 0 0 0 0 0 0 0 0 0 0 0 0 0 0 0 0 0 0 0 0 0 0 0 0 0 0 0 0 0 0 0 0 0 0 0 0 0 0 0 0 0 0 0 0 0 0 0 0 0 0 0 0 0 0 0 0 0 0 0 0 0 0 0 0 0 0 0 0 0 0 0 0 0 16384 0 0 0 0 0 0 2147483648 0 0 0 0 0 0 0 0 0 0 0 0 0 0 0 0 0 0 0 0 0 0 0 0 0 0 0 0 0 0 0 0 0 0 0 0 0 0 0 0 0 0 0 0 0 0 0 0 0 0 0 0 0 0 0 0 0 0 0 0 0 0 0 0 0 0 0 0 ','0 0 0 0 0 0 0 0 0 0 0 0 20 117296 0 6 129572 0 7 76162 0 8 117225 0 9 139840 0 10 117227 0 0 0 0 0 0 0 0 0 0 0 0 0 0 0 0 17 20298 0 0 0 0 0 0 0 0 0 0 18 0 0 18 0 0 18 0 0 18 0 0 ','0 0 0 0 0 0 0 0 0 0 0 0 ',0,0,1,NULL,NULL,NULL,0,0,0,7.18866e-43,28153),
(3,6,'Dersa',0,7,8,0,1,157,0,1,0,14,7,1,0,0,0,16,0,2,0,0,-5232.9,535.244,388.194,0,0,1,14,3,3.1076,'34 0 0 6 0 0 1 0 0 0 0 32 8 0 0 0 0 0 0 0 0 0 0 0 0 0 0 0 0 0 0 0 0 0 0 0 0 0 0 0 0 0 0 0 0 0 0 0 0 0 0 0 0 0 0 0 128 1 0 0 0 0 0 0 0 0 0 0 0 0 0 0 32 16 0 0 0 140 0 0 0 0 0 0 0 0 0 0 0 0 0 0 0 0 0 0 0 0 0 0 0 0 0 0 0 0 0 0 0 0 0 0 0 0 0 0 0 0 0 0 0 0 0 0 0 0 0 0 0 0 0 0 0 0 0 0 0 0 0 0 0 0 0 0 0 0 0 0 0 0 0 0 0 0 0 0 0 0 0 0 0 0 0 0 0 0 0 0 0 0 0 0 0 0 0 0 0 0 0 0 0 0 0 0 0 0 0 0 0 0 0 0 0 0 0 0 0 0 0 0 0 0 0 0 0 0 0 0 0 0 0 0 0 0 0 0 0 0 0 0 0 0 0 0 0 0 0 0 0 0 0 0 0 0 0 0 0 0 0 0 0 0 0 0 0 0 0 0 0 0 0 0 0 0 0 0 0 0 0 0 0 0 0 0 0 0 0 0 0 0 0 0 0 0 0 0 0 0 0 0 0 0 0 0 0 0 ',0,1,222,222,1560787332,0,0.01085,0,0,64,0,0,0,0,0,4,0,0,6457,0,'',0,0,0,0,4294967295,0,80,152,0,0,0,0,0,7,2,0,'0 0 0 0 0 0 2097152 0 0 0 0 0 0 0 0 0 0 0 0 0 0 0 0 0 0 0 0 0 0 0 0 0 0 0 0 0 0 0 0 0 0 0 0 0 0 0 0 0 0 0 0 0 0 0 0 0 0 0 0 0 0 0 0 0 0 0 0 0 0 0 0 0 0 0 0 0 0 0 0 0 0 0 0 0 0 0 0 0 0 0 0 0 0 0 0 0 0 0 0 0 0 0 0 0 0 0 0 0 0 0 0 0 0 0 0 0 0 0 0 0 0 0 0 0 0 0 0 0 0 0 0 65536 0 0 0 0 0 0 0 0 0 0 0 0 0 0 0 0 0 0 0 0 0 0 0 0 0 0 0 0 0 0 0 0 0 0 0 0 0 0 0 0 0 0 0 0 0 0 0 0 0 0 0 0 0 0 0 0 0 0 0 0 0 0 0 0 0 0 0 0 0 0 0 0 0 0 0 0 0 0 0 0 0 0 0 0 0 0 0 0 0 0 0 0 0 0 0 0 0 0 0 0 0 0 0 0 0 0 0 0 0 0 0 0 0 0 0 0 0 0 0 0 0 0 0 0 0 0 0 0 0 0 0 0 0 0 0 0 0 0 0 0 0 0 0 0 0 0 0 0 0 0 0 0 0 0 0 0 0 0 0 0 0 0 0 0 0 0 0 0 0 0 0 0 0 0 0 0 0 0 0 0 0 0 0 0 0 0 0 0 ','0 0 0 0 0 0 0 0 0 0 0 0 20 12647 0 0 0 0 7 1882 0 8 6077 0 0 0 0 0 0 0 0 0 0 0 0 0 0 0 0 0 0 0 0 0 0 17 472 0 0 0 0 0 0 0 0 0 0 0 0 0 0 0 0 0 0 0 0 0 0 ','0 0 0 0 0 0 0 0 0 0 0 0 ',0,0,1,NULL,NULL,NULL,0,0,1,2.8026e-45,28153);

/*Table structure for table `corpse` */

DROP TABLE IF EXISTS `corpse`;

CREATE TABLE `corpse` (
  `guid` bigint(20) unsigned NOT NULL DEFAULT '0' COMMENT 'Character Global Unique Identifier',
  `posX` float NOT NULL DEFAULT '0',
  `posY` float NOT NULL DEFAULT '0',
  `posZ` float NOT NULL DEFAULT '0',
  `orientation` float NOT NULL DEFAULT '0',
  `mapId` smallint(5) unsigned NOT NULL DEFAULT '0' COMMENT 'Map Identifier',
  `displayId` int(10) unsigned NOT NULL DEFAULT '0',
  `itemCache` text NOT NULL,
  `bytes1` int(10) unsigned NOT NULL DEFAULT '0',
  `bytes2` int(10) unsigned NOT NULL DEFAULT '0',
  `flags` tinyint(3) unsigned NOT NULL DEFAULT '0',
  `dynFlags` tinyint(3) unsigned NOT NULL DEFAULT '0',
  `time` int(10) unsigned NOT NULL DEFAULT '0',
  `corpseType` tinyint(3) unsigned NOT NULL DEFAULT '0',
  `instanceId` int(10) unsigned NOT NULL DEFAULT '0' COMMENT 'Instance Identifier',
  PRIMARY KEY (`guid`),
  KEY `idx_type` (`corpseType`),
  KEY `idx_instance` (`instanceId`),
  KEY `idx_time` (`time`)
) ENGINE=InnoDB DEFAULT CHARSET=utf8 COMMENT='Death System';

/*Data for the table `corpse` */

/*Table structure for table `corpse_phases` */

DROP TABLE IF EXISTS `corpse_phases`;

CREATE TABLE `corpse_phases` (
  `OwnerGuid` bigint(20) unsigned NOT NULL DEFAULT '0',
  `PhaseId` int(10) unsigned NOT NULL,
  PRIMARY KEY (`OwnerGuid`,`PhaseId`)
) ENGINE=InnoDB DEFAULT CHARSET=utf8;

/*Data for the table `corpse_phases` */

/*Table structure for table `creature_respawn` */

DROP TABLE IF EXISTS `creature_respawn`;

CREATE TABLE `creature_respawn` (
  `guid` bigint(20) unsigned NOT NULL DEFAULT '0' COMMENT 'Global Unique Identifier',
  `respawnTime` int(10) unsigned NOT NULL DEFAULT '0',
  `mapId` smallint(10) unsigned NOT NULL DEFAULT '0',
  `instanceId` int(10) unsigned NOT NULL DEFAULT '0' COMMENT 'Instance Identifier',
  PRIMARY KEY (`guid`,`instanceId`),
  KEY `idx_instance` (`instanceId`)
) ENGINE=InnoDB DEFAULT CHARSET=utf8 COMMENT='Grid Loading System';

/*Data for the table `creature_respawn` */

insert  into `creature_respawn`(`guid`,`respawnTime`,`mapId`,`instanceId`) values 
(168373,1560787576,0,0),
(168374,1560787574,0,0),
(168418,1560787574,0,0),
(168420,1560787598,0,0),
(168497,1560787554,0,0),
(168860,1560787553,0,0),
(168862,1560787569,0,0),
(168863,1560787566,0,0),
(168893,1560787476,0,0),
(178271,1557681023,0,0),
(178342,1557681043,0,0),
(178345,1557681071,0,0);

/*Table structure for table `game_event_condition_save` */

DROP TABLE IF EXISTS `game_event_condition_save`;

CREATE TABLE `game_event_condition_save` (
  `eventEntry` tinyint(3) unsigned NOT NULL,
  `condition_id` int(10) unsigned NOT NULL DEFAULT '0',
  `done` float DEFAULT '0',
  PRIMARY KEY (`eventEntry`,`condition_id`)
) ENGINE=InnoDB DEFAULT CHARSET=utf8;

/*Data for the table `game_event_condition_save` */

/*Table structure for table `game_event_save` */

DROP TABLE IF EXISTS `game_event_save`;

CREATE TABLE `game_event_save` (
  `eventEntry` tinyint(3) unsigned NOT NULL,
  `state` tinyint(3) unsigned NOT NULL DEFAULT '1',
  `next_start` int(10) unsigned NOT NULL DEFAULT '0',
  PRIMARY KEY (`eventEntry`)
) ENGINE=InnoDB DEFAULT CHARSET=utf8;

/*Data for the table `game_event_save` */

/*Table structure for table `gameobject_respawn` */

DROP TABLE IF EXISTS `gameobject_respawn`;

CREATE TABLE `gameobject_respawn` (
  `guid` bigint(20) unsigned NOT NULL DEFAULT '0' COMMENT 'Global Unique Identifier',
  `respawnTime` int(10) unsigned NOT NULL DEFAULT '0',
  `mapId` smallint(10) unsigned NOT NULL DEFAULT '0',
  `instanceId` int(10) unsigned NOT NULL DEFAULT '0' COMMENT 'Instance Identifier',
  PRIMARY KEY (`guid`,`instanceId`),
  KEY `idx_instance` (`instanceId`)
) ENGINE=InnoDB DEFAULT CHARSET=utf8 COMMENT='Grid Loading System';

/*Data for the table `gameobject_respawn` */

/*Table structure for table `gm_bug` */

DROP TABLE IF EXISTS `gm_bug`;

CREATE TABLE `gm_bug` (
  `id` int(10) unsigned NOT NULL,
  `playerGuid` bigint(20) unsigned NOT NULL,
  `note` text NOT NULL,
  `createTime` int(10) unsigned NOT NULL DEFAULT '0',
  `mapId` smallint(5) unsigned NOT NULL DEFAULT '0',
  `posX` float NOT NULL DEFAULT '0',
  `posY` float NOT NULL DEFAULT '0',
  `posZ` float NOT NULL DEFAULT '0',
  `facing` float NOT NULL DEFAULT '0',
  `closedBy` bigint(20) NOT NULL DEFAULT '0',
  `assignedTo` bigint(20) unsigned NOT NULL DEFAULT '0' COMMENT 'GUID of admin to whom ticket is assigned',
  `comment` text NOT NULL,
  PRIMARY KEY (`id`)
) ENGINE=InnoDB DEFAULT CHARSET=utf8;

/*Data for the table `gm_bug` */

/*Table structure for table `gm_complaint` */

DROP TABLE IF EXISTS `gm_complaint`;

CREATE TABLE `gm_complaint` (
  `id` int(10) unsigned NOT NULL,
  `playerGuid` bigint(20) unsigned NOT NULL,
  `note` text NOT NULL,
  `createTime` int(10) unsigned NOT NULL DEFAULT '0',
  `mapId` smallint(5) unsigned NOT NULL DEFAULT '0',
  `posX` float NOT NULL DEFAULT '0',
  `posY` float NOT NULL DEFAULT '0',
  `posZ` float NOT NULL DEFAULT '0',
  `facing` float NOT NULL DEFAULT '0',
  `targetCharacterGuid` bigint(20) unsigned NOT NULL,
  `complaintType` smallint(5) unsigned NOT NULL,
  `reportLineIndex` int(10) NOT NULL,
  `closedBy` bigint(20) NOT NULL DEFAULT '0',
  `assignedTo` bigint(20) unsigned NOT NULL DEFAULT '0' COMMENT 'GUID of admin to whom ticket is assigned',
  `comment` text NOT NULL,
  PRIMARY KEY (`id`)
) ENGINE=InnoDB DEFAULT CHARSET=utf8;

/*Data for the table `gm_complaint` */

/*Table structure for table `gm_complaint_chatlog` */

DROP TABLE IF EXISTS `gm_complaint_chatlog`;

CREATE TABLE `gm_complaint_chatlog` (
  `complaintId` int(10) unsigned NOT NULL,
  `lineId` int(10) unsigned NOT NULL,
  `timestamp` int(10) unsigned NOT NULL,
  `text` text NOT NULL,
  PRIMARY KEY (`complaintId`,`lineId`)
) ENGINE=InnoDB DEFAULT CHARSET=utf8;

/*Data for the table `gm_complaint_chatlog` */

/*Table structure for table `gm_suggestion` */

DROP TABLE IF EXISTS `gm_suggestion`;

CREATE TABLE `gm_suggestion` (
  `id` int(10) unsigned NOT NULL,
  `playerGuid` bigint(20) unsigned NOT NULL,
  `note` text NOT NULL,
  `createTime` int(10) unsigned NOT NULL DEFAULT '0',
  `mapId` smallint(5) unsigned NOT NULL DEFAULT '0',
  `posX` float NOT NULL DEFAULT '0',
  `posY` float NOT NULL DEFAULT '0',
  `posZ` float NOT NULL DEFAULT '0',
  `facing` float NOT NULL DEFAULT '0',
  `closedBy` bigint(20) NOT NULL DEFAULT '0',
  `assignedTo` bigint(20) unsigned NOT NULL DEFAULT '0' COMMENT 'GUID of admin to whom ticket is assigned',
  `comment` text NOT NULL,
  PRIMARY KEY (`id`)
) ENGINE=InnoDB DEFAULT CHARSET=utf8;

/*Data for the table `gm_suggestion` */

/*Table structure for table `group_instance` */

DROP TABLE IF EXISTS `group_instance`;

CREATE TABLE `group_instance` (
  `guid` int(10) unsigned NOT NULL DEFAULT '0',
  `instance` int(10) unsigned NOT NULL DEFAULT '0',
  `permanent` tinyint(3) unsigned NOT NULL DEFAULT '0',
  PRIMARY KEY (`guid`,`instance`),
  KEY `instance` (`instance`)
) ENGINE=InnoDB DEFAULT CHARSET=utf8;

/*Data for the table `group_instance` */

/*Table structure for table `group_member` */

DROP TABLE IF EXISTS `group_member`;

CREATE TABLE `group_member` (
  `guid` int(10) unsigned NOT NULL,
  `memberGuid` bigint(20) unsigned NOT NULL,
  `memberFlags` tinyint(3) unsigned NOT NULL DEFAULT '0',
  `subgroup` tinyint(3) unsigned NOT NULL DEFAULT '0',
  `roles` tinyint(3) unsigned NOT NULL DEFAULT '0',
  PRIMARY KEY (`memberGuid`)
) ENGINE=InnoDB DEFAULT CHARSET=utf8 COMMENT='Groups';

/*Data for the table `group_member` */

/*Table structure for table `groups` */

DROP TABLE IF EXISTS `groups`;

CREATE TABLE `groups` (
  `guid` int(10) unsigned NOT NULL,
  `leaderGuid` bigint(20) unsigned NOT NULL,
  `lootMethod` tinyint(3) unsigned NOT NULL,
  `looterGuid` bigint(20) unsigned NOT NULL,
  `lootThreshold` tinyint(3) unsigned NOT NULL,
  `icon1` binary(16) NOT NULL,
  `icon2` binary(16) NOT NULL,
  `icon3` binary(16) NOT NULL,
  `icon4` binary(16) NOT NULL,
  `icon5` binary(16) NOT NULL,
  `icon6` binary(16) NOT NULL,
  `icon7` binary(16) NOT NULL,
  `icon8` binary(16) NOT NULL,
  `groupType` tinyint(3) unsigned NOT NULL,
  `difficulty` tinyint(3) unsigned NOT NULL DEFAULT '1',
  `raidDifficulty` tinyint(3) unsigned NOT NULL DEFAULT '14',
  `legacyRaidDifficulty` tinyint(3) unsigned NOT NULL DEFAULT '3',
  `masterLooterGuid` bigint(20) unsigned NOT NULL,
  PRIMARY KEY (`guid`),
  KEY `leaderGuid` (`leaderGuid`)
) ENGINE=InnoDB DEFAULT CHARSET=utf8 COMMENT='Groups';

/*Data for the table `groups` */

/*Table structure for table `guild` */

DROP TABLE IF EXISTS `guild`;

CREATE TABLE `guild` (
  `guildid` bigint(20) unsigned NOT NULL DEFAULT '0',
  `name` varchar(24) NOT NULL DEFAULT '',
  `leaderguid` bigint(20) unsigned NOT NULL DEFAULT '0',
  `EmblemStyle` tinyint(3) unsigned NOT NULL DEFAULT '0',
  `EmblemColor` tinyint(3) unsigned NOT NULL DEFAULT '0',
  `BorderStyle` tinyint(3) unsigned NOT NULL DEFAULT '0',
  `BorderColor` tinyint(3) unsigned NOT NULL DEFAULT '0',
  `BackgroundColor` tinyint(3) unsigned NOT NULL DEFAULT '0',
  `info` varchar(500) NOT NULL DEFAULT '',
  `motd` varchar(128) NOT NULL DEFAULT '',
  `createdate` int(10) unsigned NOT NULL DEFAULT '0',
  `BankMoney` bigint(20) unsigned NOT NULL DEFAULT '0',
  PRIMARY KEY (`guildid`)
) ENGINE=InnoDB DEFAULT CHARSET=utf8 COMMENT='Guild System';

/*Data for the table `guild` */

/*Table structure for table `guild_achievement` */

DROP TABLE IF EXISTS `guild_achievement`;

CREATE TABLE `guild_achievement` (
  `guildId` bigint(20) unsigned NOT NULL,
  `achievement` int(10) unsigned NOT NULL,
  `date` int(10) unsigned NOT NULL DEFAULT '0',
  `guids` text NOT NULL,
  PRIMARY KEY (`guildId`,`achievement`)
) ENGINE=InnoDB DEFAULT CHARSET=utf8;

/*Data for the table `guild_achievement` */

/*Table structure for table `guild_achievement_progress` */

DROP TABLE IF EXISTS `guild_achievement_progress`;

CREATE TABLE `guild_achievement_progress` (
  `guildId` bigint(20) unsigned NOT NULL,
  `criteria` int(10) unsigned NOT NULL,
  `counter` bigint(20) unsigned NOT NULL,
  `date` int(10) unsigned NOT NULL DEFAULT '0',
  `completedGuid` bigint(20) unsigned NOT NULL DEFAULT '0',
  PRIMARY KEY (`guildId`,`criteria`)
) ENGINE=InnoDB DEFAULT CHARSET=utf8;

/*Data for the table `guild_achievement_progress` */

/*Table structure for table `guild_bank_eventlog` */

DROP TABLE IF EXISTS `guild_bank_eventlog`;

CREATE TABLE `guild_bank_eventlog` (
  `guildid` bigint(20) unsigned NOT NULL DEFAULT '0' COMMENT 'Guild Identificator',
  `LogGuid` int(10) unsigned NOT NULL DEFAULT '0' COMMENT 'Log record identificator - auxiliary column',
  `TabId` tinyint(3) unsigned NOT NULL DEFAULT '0' COMMENT 'Guild bank TabId',
  `EventType` tinyint(3) unsigned NOT NULL DEFAULT '0' COMMENT 'Event type',
  `PlayerGuid` bigint(20) unsigned NOT NULL DEFAULT '0',
  `ItemOrMoney` bigint(20) unsigned NOT NULL DEFAULT '0',
  `ItemStackCount` smallint(5) unsigned NOT NULL DEFAULT '0',
  `DestTabId` tinyint(3) unsigned NOT NULL DEFAULT '0' COMMENT 'Destination Tab Id',
  `TimeStamp` int(10) unsigned NOT NULL DEFAULT '0' COMMENT 'Event UNIX time',
  PRIMARY KEY (`guildid`,`LogGuid`,`TabId`),
  KEY `guildid_key` (`guildid`),
  KEY `Idx_PlayerGuid` (`PlayerGuid`),
  KEY `Idx_LogGuid` (`LogGuid`)
) ENGINE=InnoDB DEFAULT CHARSET=utf8;

/*Data for the table `guild_bank_eventlog` */

/*Table structure for table `guild_bank_item` */

DROP TABLE IF EXISTS `guild_bank_item`;

CREATE TABLE `guild_bank_item` (
  `guildid` bigint(20) unsigned NOT NULL DEFAULT '0',
  `TabId` tinyint(3) unsigned NOT NULL DEFAULT '0',
  `SlotId` tinyint(3) unsigned NOT NULL DEFAULT '0',
  `item_guid` bigint(20) unsigned NOT NULL DEFAULT '0',
  PRIMARY KEY (`guildid`,`TabId`,`SlotId`),
  KEY `guildid_key` (`guildid`),
  KEY `Idx_item_guid` (`item_guid`)
) ENGINE=InnoDB DEFAULT CHARSET=utf8;

/*Data for the table `guild_bank_item` */

/*Table structure for table `guild_bank_right` */

DROP TABLE IF EXISTS `guild_bank_right`;

CREATE TABLE `guild_bank_right` (
  `guildid` bigint(20) unsigned NOT NULL DEFAULT '0',
  `TabId` tinyint(3) unsigned NOT NULL DEFAULT '0',
  `rid` tinyint(3) unsigned NOT NULL DEFAULT '0',
  `gbright` tinyint(3) NOT NULL DEFAULT '0',
  `SlotPerDay` int(10) NOT NULL DEFAULT '0',
  PRIMARY KEY (`guildid`,`TabId`,`rid`),
  KEY `guildid_key` (`guildid`)
) ENGINE=InnoDB DEFAULT CHARSET=utf8;

/*Data for the table `guild_bank_right` */

/*Table structure for table `guild_bank_tab` */

DROP TABLE IF EXISTS `guild_bank_tab`;

CREATE TABLE `guild_bank_tab` (
  `guildid` bigint(20) unsigned NOT NULL DEFAULT '0',
  `TabId` tinyint(3) unsigned NOT NULL DEFAULT '0',
  `TabName` varchar(16) NOT NULL DEFAULT '',
  `TabIcon` varchar(100) NOT NULL DEFAULT '',
  `TabText` varchar(500) DEFAULT NULL,
  PRIMARY KEY (`guildid`,`TabId`),
  KEY `guildid_key` (`guildid`)
) ENGINE=InnoDB DEFAULT CHARSET=utf8;

/*Data for the table `guild_bank_tab` */

/*Table structure for table `guild_eventlog` */

DROP TABLE IF EXISTS `guild_eventlog`;

CREATE TABLE `guild_eventlog` (
  `guildid` bigint(20) unsigned NOT NULL COMMENT 'Guild Identificator',
  `LogGuid` int(10) unsigned NOT NULL COMMENT 'Log record identificator - auxiliary column',
  `EventType` tinyint(3) unsigned NOT NULL COMMENT 'Event type',
  `PlayerGuid1` bigint(20) unsigned NOT NULL COMMENT 'Player 1',
  `PlayerGuid2` bigint(20) unsigned NOT NULL COMMENT 'Player 2',
  `NewRank` tinyint(3) unsigned NOT NULL COMMENT 'New rank(in case promotion/demotion)',
  `TimeStamp` int(10) unsigned NOT NULL COMMENT 'Event UNIX time',
  PRIMARY KEY (`guildid`,`LogGuid`),
  KEY `Idx_PlayerGuid1` (`PlayerGuid1`),
  KEY `Idx_PlayerGuid2` (`PlayerGuid2`),
  KEY `Idx_LogGuid` (`LogGuid`)
) ENGINE=InnoDB DEFAULT CHARSET=utf8 COMMENT='Guild Eventlog';

/*Data for the table `guild_eventlog` */

/*Table structure for table `guild_finder_applicant` */

DROP TABLE IF EXISTS `guild_finder_applicant`;

CREATE TABLE `guild_finder_applicant` (
  `guildId` bigint(20) unsigned NOT NULL DEFAULT '0',
  `playerGuid` bigint(20) unsigned NOT NULL DEFAULT '0',
  `availability` tinyint(3) unsigned DEFAULT '0',
  `classRole` tinyint(3) unsigned DEFAULT '0',
  `interests` tinyint(3) unsigned DEFAULT '0',
  `comment` varchar(255) DEFAULT NULL,
  `submitTime` int(10) unsigned DEFAULT NULL,
  PRIMARY KEY (`guildId`,`playerGuid`)
) ENGINE=InnoDB DEFAULT CHARSET=utf8;

/*Data for the table `guild_finder_applicant` */

/*Table structure for table `guild_finder_guild_settings` */

DROP TABLE IF EXISTS `guild_finder_guild_settings`;

CREATE TABLE `guild_finder_guild_settings` (
  `guildId` bigint(20) unsigned NOT NULL,
  `availability` tinyint(3) unsigned NOT NULL DEFAULT '0',
  `classRoles` tinyint(3) unsigned NOT NULL DEFAULT '0',
  `interests` tinyint(3) unsigned NOT NULL DEFAULT '0',
  `level` tinyint(3) unsigned NOT NULL DEFAULT '1',
  `listed` tinyint(3) unsigned NOT NULL DEFAULT '0',
  `comment` varchar(255) DEFAULT NULL,
  PRIMARY KEY (`guildId`)
) ENGINE=InnoDB DEFAULT CHARSET=utf8;

/*Data for the table `guild_finder_guild_settings` */

/*Table structure for table `guild_member` */

DROP TABLE IF EXISTS `guild_member`;

CREATE TABLE `guild_member` (
  `guildid` bigint(20) unsigned NOT NULL COMMENT 'Guild Identificator',
  `guid` bigint(20) unsigned NOT NULL,
  `rank` tinyint(3) unsigned NOT NULL,
  `pnote` varchar(31) NOT NULL DEFAULT '',
  `offnote` varchar(31) NOT NULL DEFAULT '',
  UNIQUE KEY `guid_key` (`guid`),
  KEY `guildid_key` (`guildid`),
  KEY `guildid_rank_key` (`guildid`,`rank`)
) ENGINE=InnoDB DEFAULT CHARSET=utf8 COMMENT='Guild System';

/*Data for the table `guild_member` */

/*Table structure for table `guild_member_withdraw` */

DROP TABLE IF EXISTS `guild_member_withdraw`;

CREATE TABLE `guild_member_withdraw` (
  `guid` bigint(20) unsigned NOT NULL,
  `tab0` int(10) unsigned NOT NULL DEFAULT '0',
  `tab1` int(10) unsigned NOT NULL DEFAULT '0',
  `tab2` int(10) unsigned NOT NULL DEFAULT '0',
  `tab3` int(10) unsigned NOT NULL DEFAULT '0',
  `tab4` int(10) unsigned NOT NULL DEFAULT '0',
  `tab5` int(10) unsigned NOT NULL DEFAULT '0',
  `tab6` int(10) unsigned NOT NULL DEFAULT '0',
  `tab7` int(10) unsigned NOT NULL DEFAULT '0',
  `money` bigint(20) unsigned NOT NULL DEFAULT '0',
  PRIMARY KEY (`guid`)
) ENGINE=InnoDB DEFAULT CHARSET=utf8 COMMENT='Guild Member Daily Withdraws';

/*Data for the table `guild_member_withdraw` */

/*Table structure for table `guild_newslog` */

DROP TABLE IF EXISTS `guild_newslog`;

CREATE TABLE `guild_newslog` (
  `guildid` bigint(20) unsigned NOT NULL DEFAULT '0' COMMENT 'Guild Identificator',
  `LogGuid` int(10) unsigned NOT NULL DEFAULT '0' COMMENT 'Log record identificator - auxiliary column',
  `EventType` tinyint(3) unsigned NOT NULL DEFAULT '0' COMMENT 'Event type',
  `PlayerGuid` bigint(20) unsigned NOT NULL DEFAULT '0',
  `Flags` int(10) unsigned NOT NULL DEFAULT '0',
  `Value` int(10) unsigned NOT NULL DEFAULT '0',
  `TimeStamp` int(10) unsigned NOT NULL DEFAULT '0' COMMENT 'Event UNIX time',
  PRIMARY KEY (`guildid`,`LogGuid`),
  KEY `guildid_key` (`guildid`),
  KEY `Idx_PlayerGuid` (`PlayerGuid`),
  KEY `Idx_LogGuid` (`LogGuid`)
) ENGINE=InnoDB DEFAULT CHARSET=utf8;

/*Data for the table `guild_newslog` */

/*Table structure for table `guild_rank` */

DROP TABLE IF EXISTS `guild_rank`;

CREATE TABLE `guild_rank` (
  `guildid` bigint(20) unsigned NOT NULL DEFAULT '0',
  `rid` tinyint(3) unsigned NOT NULL,
  `rname` varchar(20) NOT NULL DEFAULT '',
  `rights` mediumint(8) unsigned NOT NULL DEFAULT '0',
  `BankMoneyPerDay` int(10) unsigned NOT NULL DEFAULT '0',
  PRIMARY KEY (`guildid`,`rid`),
  KEY `Idx_rid` (`rid`)
) ENGINE=InnoDB DEFAULT CHARSET=utf8 COMMENT='Guild System';

/*Data for the table `guild_rank` */

/*Table structure for table `instance` */

DROP TABLE IF EXISTS `instance`;

CREATE TABLE `instance` (
  `id` int(10) unsigned NOT NULL DEFAULT '0',
  `map` smallint(5) unsigned NOT NULL DEFAULT '0',
  `resettime` int(10) unsigned NOT NULL DEFAULT '0',
  `difficulty` tinyint(3) unsigned NOT NULL DEFAULT '0',
  `completedEncounters` int(10) unsigned NOT NULL DEFAULT '0',
  `data` tinytext NOT NULL,
  `entranceId` int(10) unsigned NOT NULL DEFAULT '0',
  PRIMARY KEY (`id`),
  KEY `map` (`map`),
  KEY `resettime` (`resettime`),
  KEY `difficulty` (`difficulty`)
) ENGINE=InnoDB DEFAULT CHARSET=utf8;

/*Data for the table `instance` */

/*Table structure for table `instance_reset` */

DROP TABLE IF EXISTS `instance_reset`;

CREATE TABLE `instance_reset` (
  `mapid` smallint(5) unsigned NOT NULL DEFAULT '0',
  `difficulty` tinyint(3) unsigned NOT NULL DEFAULT '0',
  `resettime` int(10) unsigned NOT NULL DEFAULT '0',
  PRIMARY KEY (`mapid`,`difficulty`),
  KEY `difficulty` (`difficulty`)
) ENGINE=InnoDB DEFAULT CHARSET=utf8;

/*Data for the table `instance_reset` */

insert  into `instance_reset`(`mapid`,`difficulty`,`resettime`) values 
(33,2,1560830400),
(36,2,1560830400),
(249,3,1561003200),
(249,4,1561003200),
(269,2,1560830400),
(409,9,1561003200),
(469,9,1561003200),
(509,3,1560830400),
(531,9,1561003200),
(532,3,1561003200),
(533,3,1561003200),
(533,4,1561003200),
(534,4,1561003200),
(540,2,1560830400),
(542,2,1560830400),
(543,2,1560830400),
(544,4,1561003200),
(545,2,1560830400),
(546,2,1560830400),
(547,2,1560830400),
(548,4,1561003200),
(550,4,1561003200),
(552,2,1560830400),
(553,2,1560830400),
(554,2,1560830400),
(555,2,1560830400),
(556,2,1560830400),
(557,2,1560830400),
(558,2,1560830400),
(560,2,1560830400),
(564,14,1561003200),
(564,33,1561003200),
(565,4,1561003200),
(568,2,1560830400),
(574,2,1560830400),
(575,2,1560830400),
(576,2,1560830400),
(578,2,1560830400),
(580,4,1561003200),
(585,2,1560830400),
(595,2,1560830400),
(598,2,1560830400),
(599,2,1560830400),
(600,2,1560830400),
(601,2,1560830400),
(602,2,1560830400),
(603,14,1561003200),
(603,33,1561003200),
(604,2,1560830400),
(608,2,1560830400),
(615,3,1561003200),
(615,4,1561003200),
(616,3,1561003200),
(616,4,1561003200),
(619,2,1560830400),
(624,3,1561003200),
(624,4,1561003200),
(631,3,1561003200),
(631,4,1561003200),
(631,5,1561003200),
(631,6,1561003200),
(632,2,1560830400),
(643,2,1560830400),
(644,2,1560830400),
(645,2,1560830400),
(649,3,1561003200),
(649,4,1561003200),
(649,5,1561003200),
(649,6,1561003200),
(650,2,1560830400),
(657,2,1560830400),
(658,2,1560830400),
(668,2,1560830400),
(669,3,1561003200),
(669,4,1561003200),
(669,5,1561003200),
(669,6,1561003200),
(670,2,1560830400),
(671,3,1561003200),
(671,4,1561003200),
(671,5,1561003200),
(671,6,1561003200),
(720,3,1561003200),
(720,4,1561003200),
(720,5,1561003200),
(720,6,1561003200),
(724,3,1561003200),
(724,4,1561003200),
(724,5,1561003200),
(724,6,1561003200),
(725,2,1560830400),
(754,3,1561003200),
(754,4,1561003200),
(754,5,1561003200),
(754,6,1561003200),
(755,2,1560830400),
(757,3,1561003200),
(757,4,1561003200),
(757,5,1561003200),
(757,6,1561003200),
(859,2,1560830400),
(938,2,1560830400),
(939,2,1560830400),
(940,2,1560830400),
(959,2,1560830400),
(960,2,1560830400),
(961,2,1560830400),
(962,2,1560830400),
(967,3,1561003200),
(967,4,1561003200),
(967,5,1561003200),
(967,6,1561003200),
(967,7,1561003200),
(994,2,1560830400),
(996,3,1561003200),
(996,4,1561003200),
(996,5,1561003200),
(996,6,1561003200),
(996,7,1561003200),
(1001,2,1560830400),
(1004,2,1560830400),
(1007,2,1560830400),
(1008,3,1561003200),
(1008,4,1561003200),
(1008,5,1561003200),
(1008,6,1561003200),
(1008,7,1561003200),
(1009,3,1561003200),
(1009,4,1561003200),
(1009,5,1561003200),
(1009,6,1561003200),
(1009,7,1561003200),
(1011,2,1560830400),
(1098,3,1561003200),
(1098,4,1561003200),
(1098,5,1561003200),
(1098,6,1561003200),
(1098,7,1561003200),
(1136,14,1561003200),
(1136,15,1561003200),
(1136,16,1561003200),
(1136,17,1561003200),
(1175,2,1560830400),
(1175,23,1561003200),
(1176,2,1560830400),
(1176,23,1561003200),
(1182,2,1560830400),
(1182,23,1561003200),
(1195,2,1560830400),
(1195,23,1561003200),
(1205,14,1561003200),
(1205,15,1561003200),
(1205,16,1561003200),
(1205,17,1561003200),
(1208,2,1560830400),
(1208,23,1561003200),
(1209,2,1560830400),
(1209,23,1561003200),
(1228,14,1561003200),
(1228,15,1561003200),
(1228,16,1561003200),
(1228,17,1561003200),
(1279,2,1560830400),
(1279,23,1561003200),
(1358,2,1560830400),
(1358,23,1561003200),
(1448,14,1561003200),
(1448,15,1561003200),
(1448,16,1561003200),
(1448,17,1561003200),
(1456,2,1560830400),
(1456,23,1561003200),
(1458,2,1560830400),
(1458,23,1561003200),
(1466,2,1560830400),
(1466,23,1561003200),
(1477,2,1560830400),
(1477,23,1561003200),
(1492,2,1560830400),
(1492,23,1561003200),
(1493,2,1560830400),
(1493,23,1561003200),
(1501,2,1560830400),
(1501,23,1561003200),
(1516,23,1561003200),
(1520,14,1561003200),
(1520,15,1561003200),
(1520,16,1561003200),
(1520,17,1561003200),
(1530,14,1561003200),
(1530,15,1561003200),
(1530,16,1561003200),
(1530,17,1561003200),
(1544,2,1560830400),
(1544,23,1561003200),
(1571,23,1561003200),
(1594,2,1560830400),
(1594,23,1561003200),
(1648,14,1561003200),
(1648,15,1561003200),
(1648,16,1561003200),
(1648,17,1561003200),
(1651,23,1561003200),
(1676,14,1561003200),
(1676,15,1561003200),
(1676,16,1561003200),
(1676,17,1561003200),
(1677,2,1560830400),
(1677,23,1561003200),
(1712,14,1561003200),
(1712,15,1561003200),
(1712,16,1561003200),
(1712,17,1561003200),
(1753,2,1560830400),
(1753,23,1561003200),
(1754,2,1560830400),
(1754,23,1561003200),
(1762,23,1561003200),
(1763,2,1560830400),
(1763,23,1561003200),
(1771,2,1560830400),
(1771,23,1561003200),
(1822,23,1561003200),
(1841,2,1560830400),
(1841,23,1561003200),
(1861,14,1561003200),
(1861,15,1561003200),
(1861,16,1561003200),
(1861,17,1561003200),
(1862,2,1560830400),
(1862,23,1561003200),
(1864,2,1560830400),
(1864,23,1561003200),
(1877,2,1560830400),
(1877,23,1561003200);

/*Table structure for table `instance_scenario_progress` */

DROP TABLE IF EXISTS `instance_scenario_progress`;

CREATE TABLE `instance_scenario_progress` (
  `id` int(10) unsigned NOT NULL,
  `criteria` int(10) unsigned NOT NULL,
  `counter` bigint(20) unsigned NOT NULL,
  `date` int(10) unsigned NOT NULL DEFAULT '0',
  PRIMARY KEY (`id`,`criteria`)
) ENGINE=InnoDB DEFAULT CHARSET=utf8;

/*Data for the table `instance_scenario_progress` */

/*Table structure for table `item_azerite` */

DROP TABLE IF EXISTS `item_azerite`;

CREATE TABLE `item_azerite` (
  `CharacterGuid` bigint(20) unsigned NOT NULL,
  `ItemGuid` bigint(20) unsigned NOT NULL,
  `Level` int(10) unsigned NOT NULL DEFAULT '0',
  `Xp` bigint(20) unsigned NOT NULL,
  PRIMARY KEY (`CharacterGuid`,`ItemGuid`)
) ENGINE=InnoDB DEFAULT CHARSET=utf8;

/*Data for the table `item_azerite` */

/*Table structure for table `item_azerite_empowered` */

DROP TABLE IF EXISTS `item_azerite_empowered`;

CREATE TABLE `item_azerite_empowered` (
  `CharacterGuid` bigint(20) unsigned NOT NULL,
  `ItemGuid` bigint(20) unsigned NOT NULL,
  `PowereId1` int(10) unsigned NOT NULL DEFAULT '0',
  `PowereId2` int(10) unsigned NOT NULL DEFAULT '0',
  `PowereId3` int(10) unsigned NOT NULL DEFAULT '0',
  `PowereId4` int(10) unsigned NOT NULL DEFAULT '0',
  PRIMARY KEY (`CharacterGuid`,`ItemGuid`)
) ENGINE=InnoDB DEFAULT CHARSET=utf8;

/*Data for the table `item_azerite_empowered` */

/*Table structure for table `item_instance` */

DROP TABLE IF EXISTS `item_instance`;

CREATE TABLE `item_instance` (
  `guid` bigint(20) unsigned NOT NULL DEFAULT '0',
  `itemEntry` mediumint(8) unsigned NOT NULL DEFAULT '0',
  `owner_guid` bigint(20) unsigned NOT NULL DEFAULT '0',
  `creatorGuid` bigint(20) unsigned NOT NULL DEFAULT '0',
  `giftCreatorGuid` bigint(20) unsigned NOT NULL DEFAULT '0',
  `count` int(10) unsigned NOT NULL DEFAULT '1',
  `duration` int(10) NOT NULL DEFAULT '0',
  `charges` tinytext,
  `flags` mediumint(8) unsigned NOT NULL DEFAULT '0',
  `enchantments` text NOT NULL,
  `randomPropertyType` tinyint(3) unsigned NOT NULL DEFAULT '0',
  `randomPropertyId` int(10) unsigned NOT NULL DEFAULT '0',
  `durability` smallint(5) unsigned NOT NULL DEFAULT '0',
  `playedTime` int(10) unsigned NOT NULL DEFAULT '0',
  `text` text,
  `transmogrification` int(10) unsigned NOT NULL DEFAULT '0',
  `upgradeId` int(10) unsigned NOT NULL DEFAULT '0',
  `enchantIllusion` int(10) unsigned NOT NULL DEFAULT '0',
  `battlePetSpeciesId` int(10) unsigned NOT NULL DEFAULT '0',
  `battlePetBreedData` int(10) unsigned NOT NULL DEFAULT '0',
  `battlePetLevel` smallint(5) unsigned NOT NULL DEFAULT '0',
  `battlePetDisplayId` int(10) unsigned NOT NULL DEFAULT '0',
  `context` tinyint(3) unsigned NOT NULL DEFAULT '0',
  `bonusListIDs` text,
  PRIMARY KEY (`guid`),
  KEY `idx_owner_guid` (`owner_guid`)
) ENGINE=InnoDB DEFAULT CHARSET=utf8 COMMENT='Item System';

/*Data for the table `item_instance` */

insert  into `item_instance`(`guid`,`itemEntry`,`owner_guid`,`creatorGuid`,`giftCreatorGuid`,`count`,`duration`,`charges`,`flags`,`enchantments`,`randomPropertyType`,`randomPropertyId`,`durability`,`playedTime`,`text`,`transmogrification`,`upgradeId`,`enchantIllusion`,`battlePetSpeciesId`,`battlePetBreedData`,`battlePetLevel`,`battlePetDisplayId`,`context`,`bonusListIDs`) values 
(2,58231,1,0,0,1,0,'',0,'0 0 0 0 0 0 0 0 0 0 0 0 0 0 0 0 0 0 0 0 0 0 0 0 0 0 0 0 0 0 0 0 0 0 0 0 0 0 0 ',0,0,55,0,'',0,0,0,0,0,0,0,0,''),
(4,39,1,0,0,1,0,'',0,'0 0 0 0 0 0 0 0 0 0 0 0 0 0 0 0 0 0 0 0 0 0 0 0 0 0 0 0 0 0 0 0 0 0 0 0 0 0 0 ',0,0,40,0,'',0,0,0,0,0,0,0,0,''),
(6,40,1,0,0,1,0,'',0,'0 0 0 0 0 0 0 0 0 0 0 0 0 0 0 0 0 0 0 0 0 0 0 0 0 0 0 0 0 0 0 0 0 0 0 0 0 0 0 ',0,0,25,0,'',0,0,0,0,0,0,0,0,''),
(8,49778,1,0,0,1,0,'',0,'0 0 0 0 0 0 0 0 0 0 0 0 0 0 0 0 0 0 0 0 0 0 0 0 0 0 0 0 0 0 0 0 0 0 0 0 0 0 0 ',0,0,40,0,'',0,0,0,0,0,0,0,0,''),
(10,6948,1,0,0,1,0,'0 ',2097153,'0 0 0 0 0 0 0 0 0 0 0 0 0 0 0 0 0 0 0 0 0 0 0 0 0 0 0 0 0 0 0 0 0 0 0 0 0 0 0 ',0,0,0,0,'',0,0,0,0,0,0,0,0,''),
(25,157651,2,0,0,1,0,'',1,'0 0 0 0 0 0 0 0 0 0 0 0 0 0 0 0 0 0 0 0 0 0 0 0 0 0 0 0 0 0 0 0 0 0 0 0 0 0 0 ',0,0,75,0,'',0,0,0,0,0,0,0,0,''),
(27,157689,2,0,0,1,0,'',1,'0 0 0 0 0 0 0 0 0 0 0 0 0 0 0 0 0 0 0 0 0 0 0 0 0 0 0 0 0 0 0 0 0 0 0 0 0 0 0 ',0,0,35,0,'',0,0,0,0,0,0,0,0,''),
(29,157688,2,0,0,1,0,'',1,'0 0 0 0 0 0 0 0 0 0 0 0 0 0 0 0 0 0 0 0 0 0 0 0 0 0 0 0 0 0 0 0 0 0 0 0 0 0 0 ',0,0,35,0,'',0,0,0,0,0,0,0,0,''),
(31,157686,2,0,0,1,0,'',1,'0 0 0 0 0 0 0 0 0 0 0 0 0 0 0 0 0 0 0 0 0 0 0 0 0 0 0 0 0 0 0 0 0 0 0 0 0 0 0 ',0,0,105,0,'',0,0,0,0,0,0,0,0,''),
(33,6948,2,0,0,1,0,'0 ',1,'0 0 0 0 0 0 0 0 0 0 0 0 0 0 0 0 0 0 0 0 0 0 0 0 0 0 0 0 0 0 0 0 0 0 0 0 0 0 0 ',0,0,0,0,'',0,0,0,0,0,0,0,0,''),
(35,157685,2,0,0,1,0,'',1,'0 0 0 0 0 0 0 0 0 0 0 0 0 0 0 0 0 0 0 0 0 0 0 0 0 0 0 0 0 0 0 0 0 0 0 0 0 0 0 ',0,0,75,0,'',0,0,0,0,0,0,0,0,''),
(37,157683,2,0,0,1,0,'',1,'0 0 0 0 0 0 0 0 0 0 0 0 0 0 0 0 0 0 0 0 0 0 0 0 0 0 0 0 0 0 0 0 0 0 0 0 0 0 0 ',0,0,35,0,'',0,0,0,0,0,0,0,0,''),
(39,157682,2,0,0,1,0,'',1,'0 0 0 0 0 0 0 0 0 0 0 0 0 0 0 0 0 0 0 0 0 0 0 0 0 0 0 0 0 0 0 0 0 0 0 0 0 0 0 ',0,0,50,0,'',0,0,0,0,0,0,0,0,''),
(41,157787,2,0,0,1,0,'',1,'0 0 0 0 0 0 0 0 0 0 0 0 0 0 0 0 0 0 0 0 0 0 0 0 0 0 0 0 0 0 0 0 0 0 0 0 0 0 0 ',0,0,0,0,'',0,0,0,0,0,0,0,0,''),
(43,157787,2,0,0,1,0,'',1,'0 0 0 0 0 0 0 0 0 0 0 0 0 0 0 0 0 0 0 0 0 0 0 0 0 0 0 0 0 0 0 0 0 0 0 0 0 0 0 ',0,0,0,0,'',0,0,0,0,0,0,0,0,''),
(45,157787,2,0,0,1,0,'',1,'0 0 0 0 0 0 0 0 0 0 0 0 0 0 0 0 0 0 0 0 0 0 0 0 0 0 0 0 0 0 0 0 0 0 0 0 0 0 0 ',0,0,0,0,'',0,0,0,0,0,0,0,0,''),
(47,157787,2,0,0,1,0,'',1,'0 0 0 0 0 0 0 0 0 0 0 0 0 0 0 0 0 0 0 0 0 0 0 0 0 0 0 0 0 0 0 0 0 0 0 0 0 0 0 ',0,0,0,0,'',0,0,0,0,0,0,0,0,''),
(50,44819,2,0,0,1,0,'0 0 ',0,'0 0 0 0 0 0 0 0 0 0 0 0 0 0 0 0 0 0 0 0 0 0 0 0 0 0 0 0 0 0 0 0 0 0 0 0 0 0 0 ',0,0,0,0,'',0,0,0,0,0,0,0,0,''),
(51,46894,2,0,0,1,0,'0 0 ',0,'0 0 0 0 0 0 0 0 0 0 0 0 0 0 0 0 0 0 0 0 0 0 0 0 0 0 0 0 0 0 0 0 0 0 0 0 0 0 0 ',0,0,0,0,'',0,0,0,0,0,0,0,0,''),
(52,49362,2,0,0,1,0,'0 0 ',0,'0 0 0 0 0 0 0 0 0 0 0 0 0 0 0 0 0 0 0 0 0 0 0 0 0 0 0 0 0 0 0 0 0 0 0 0 0 0 0 ',0,0,0,0,'',0,0,0,0,0,0,0,0,''),
(53,71134,2,0,0,1,0,'0 ',0,'0 0 0 0 0 0 0 0 0 0 0 0 0 0 0 0 0 0 0 0 0 0 0 0 0 0 0 0 0 0 0 0 0 0 0 0 0 0 0 ',0,0,0,0,'',0,0,0,0,0,0,0,0,''),
(54,71134,2,0,0,1,0,'0 ',0,'0 0 0 0 0 0 0 0 0 0 0 0 0 0 0 0 0 0 0 0 0 0 0 0 0 0 0 0 0 0 0 0 0 0 0 0 0 0 0 ',0,0,0,0,'',0,0,0,0,0,0,0,0,''),
(55,90918,2,0,0,1,0,'0 ',0,'0 0 0 0 0 0 0 0 0 0 0 0 0 0 0 0 0 0 0 0 0 0 0 0 0 0 0 0 0 0 0 0 0 0 0 0 0 0 0 ',0,0,0,0,'',0,0,0,0,0,0,0,0,''),
(56,115301,2,0,0,1,0,'-1 0 ',0,'0 0 0 0 0 0 0 0 0 0 0 0 0 0 0 0 0 0 0 0 0 0 0 0 0 0 0 0 0 0 0 0 0 0 0 0 0 0 0 ',0,0,0,0,'',0,0,0,0,0,0,0,0,''),
(57,116788,2,0,0,1,0,'-1 0 ',0,'0 0 0 0 0 0 0 0 0 0 0 0 0 0 0 0 0 0 0 0 0 0 0 0 0 0 0 0 0 0 0 0 0 0 0 0 0 0 0 ',0,0,0,0,'',0,0,0,0,0,0,0,0,''),
(58,128513,2,0,0,1,0,'',0,'0 0 0 0 0 0 0 0 0 0 0 0 0 0 0 0 0 0 0 0 0 0 0 0 0 0 0 0 0 0 0 0 0 0 0 0 0 0 0 ',0,0,0,0,'',0,0,0,0,0,0,0,0,''),
(59,139284,2,0,0,1,0,'',0,'0 0 0 0 0 0 0 0 0 0 0 0 0 0 0 0 0 0 0 0 0 0 0 0 0 0 0 0 0 0 0 0 0 0 0 0 0 0 0 ',0,0,0,0,'',0,0,0,0,0,0,0,0,''),
(60,140997,2,0,0,1,0,'',0,'0 0 0 0 0 0 0 0 0 0 0 0 0 0 0 0 0 0 0 0 0 0 0 0 0 0 0 0 0 0 0 0 0 0 0 0 0 0 0 ',0,0,0,0,'',0,0,0,0,0,0,0,0,''),
(61,140998,2,0,0,1,0,'',0,'0 0 0 0 0 0 0 0 0 0 0 0 0 0 0 0 0 0 0 0 0 0 0 0 0 0 0 0 0 0 0 0 0 0 0 0 0 0 0 ',0,0,0,0,'',0,0,0,0,0,0,0,0,''),
(62,147876,2,0,0,1,0,'',0,'0 0 0 0 0 0 0 0 0 0 0 0 0 0 0 0 0 0 0 0 0 0 0 0 0 0 0 0 0 0 0 0 0 0 0 0 0 0 0 ',0,0,0,0,'',0,0,0,0,0,0,0,0,''),
(63,157022,2,0,0,1,0,'0 ',1,'0 0 0 0 0 0 0 0 0 0 0 0 0 0 0 0 0 0 0 0 0 0 0 0 0 0 0 0 0 0 0 0 0 0 0 0 0 0 0 ',0,0,0,0,'',0,0,0,0,0,0,0,0,''),
(64,157758,2,0,0,1,0,'',2097153,'0 0 0 0 0 0 0 0 0 0 0 0 0 0 0 0 0 0 0 0 0 0 0 0 0 0 0 0 0 0 0 0 0 0 0 0 0 0 0 ',0,0,0,1,'',0,0,0,0,0,0,0,0,''),
(66,56,3,0,0,1,0,'',0,'0 0 0 0 0 0 0 0 0 0 0 0 0 0 0 0 0 0 0 0 0 0 0 0 0 0 0 0 0 0 0 0 0 0 0 0 0 0 0 ',0,0,37,0,'',0,0,0,0,0,0,0,0,''),
(68,1395,3,0,0,1,0,'',0,'0 0 0 0 0 0 0 0 0 0 0 0 0 0 0 0 0 0 0 0 0 0 0 0 0 0 0 0 0 0 0 0 0 0 0 0 0 0 0 ',0,0,26,0,'',0,0,0,0,0,0,0,0,''),
(70,55,3,0,0,1,0,'',0,'0 0 0 0 0 0 0 0 0 0 0 0 0 0 0 0 0 0 0 0 0 0 0 0 0 0 0 0 0 0 0 0 0 0 0 0 0 0 0 ',0,0,17,0,'',0,0,0,0,0,0,0,0,''),
(72,35,3,0,0,1,0,'',0,'0 0 0 0 0 0 0 0 0 0 0 0 0 0 0 0 0 0 0 0 0 0 0 0 0 0 0 0 0 0 0 0 0 0 0 0 0 0 0 ',0,0,26,0,'',0,0,0,0,0,0,0,0,''),
(74,6948,3,0,0,1,0,'0 ',2097153,'0 0 0 0 0 0 0 0 0 0 0 0 0 0 0 0 0 0 0 0 0 0 0 0 0 0 0 0 0 0 0 0 0 0 0 0 0 0 0 ',0,0,0,0,'',0,0,0,0,0,0,0,0,''),
(75,44819,3,0,0,1,0,'0 0 ',0,'0 0 0 0 0 0 0 0 0 0 0 0 0 0 0 0 0 0 0 0 0 0 0 0 0 0 0 0 0 0 0 0 0 0 0 0 0 0 0 ',0,0,0,0,'',0,0,0,0,0,0,0,0,''),
(76,46894,3,0,0,1,0,'0 0 ',0,'0 0 0 0 0 0 0 0 0 0 0 0 0 0 0 0 0 0 0 0 0 0 0 0 0 0 0 0 0 0 0 0 0 0 0 0 0 0 0 ',0,0,0,0,'',0,0,0,0,0,0,0,0,''),
(77,49362,3,0,0,1,0,'0 0 ',0,'0 0 0 0 0 0 0 0 0 0 0 0 0 0 0 0 0 0 0 0 0 0 0 0 0 0 0 0 0 0 0 0 0 0 0 0 0 0 0 ',0,0,0,0,'',0,0,0,0,0,0,0,0,''),
(78,71134,3,0,0,1,0,'0 ',0,'0 0 0 0 0 0 0 0 0 0 0 0 0 0 0 0 0 0 0 0 0 0 0 0 0 0 0 0 0 0 0 0 0 0 0 0 0 0 0 ',0,0,0,0,'',0,0,0,0,0,0,0,0,''),
(79,71134,3,0,0,1,0,'0 ',0,'0 0 0 0 0 0 0 0 0 0 0 0 0 0 0 0 0 0 0 0 0 0 0 0 0 0 0 0 0 0 0 0 0 0 0 0 0 0 0 ',0,0,0,0,'',0,0,0,0,0,0,0,0,''),
(80,90918,3,0,0,1,0,'0 ',0,'0 0 0 0 0 0 0 0 0 0 0 0 0 0 0 0 0 0 0 0 0 0 0 0 0 0 0 0 0 0 0 0 0 0 0 0 0 0 0 ',0,0,0,0,'',0,0,0,0,0,0,0,0,''),
(81,115301,3,0,0,1,0,'-1 0 ',0,'0 0 0 0 0 0 0 0 0 0 0 0 0 0 0 0 0 0 0 0 0 0 0 0 0 0 0 0 0 0 0 0 0 0 0 0 0 0 0 ',0,0,0,0,'',0,0,0,0,0,0,0,0,''),
(82,116788,3,0,0,1,0,'-1 0 ',0,'0 0 0 0 0 0 0 0 0 0 0 0 0 0 0 0 0 0 0 0 0 0 0 0 0 0 0 0 0 0 0 0 0 0 0 0 0 0 0 ',0,0,0,0,'',0,0,0,0,0,0,0,0,''),
(83,128513,3,0,0,1,0,'',0,'0 0 0 0 0 0 0 0 0 0 0 0 0 0 0 0 0 0 0 0 0 0 0 0 0 0 0 0 0 0 0 0 0 0 0 0 0 0 0 ',0,0,0,0,'',0,0,0,0,0,0,0,0,''),
(84,139284,3,0,0,1,0,'',0,'0 0 0 0 0 0 0 0 0 0 0 0 0 0 0 0 0 0 0 0 0 0 0 0 0 0 0 0 0 0 0 0 0 0 0 0 0 0 0 ',0,0,0,0,'',0,0,0,0,0,0,0,0,''),
(85,140997,3,0,0,1,0,'',0,'0 0 0 0 0 0 0 0 0 0 0 0 0 0 0 0 0 0 0 0 0 0 0 0 0 0 0 0 0 0 0 0 0 0 0 0 0 0 0 ',0,0,0,0,'',0,0,0,0,0,0,0,0,''),
(86,140998,3,0,0,1,0,'',0,'0 0 0 0 0 0 0 0 0 0 0 0 0 0 0 0 0 0 0 0 0 0 0 0 0 0 0 0 0 0 0 0 0 0 0 0 0 0 0 ',0,0,0,0,'',0,0,0,0,0,0,0,0,''),
(87,147876,3,0,0,1,0,'',0,'0 0 0 0 0 0 0 0 0 0 0 0 0 0 0 0 0 0 0 0 0 0 0 0 0 0 0 0 0 0 0 0 0 0 0 0 0 0 0 ',0,0,0,0,'',0,0,0,0,0,0,0,0,'');

/*Table structure for table `item_instance_artifact` */

DROP TABLE IF EXISTS `item_instance_artifact`;

CREATE TABLE `item_instance_artifact` (
  `itemGuid` bigint(20) unsigned NOT NULL,
  `xp` bigint(20) unsigned NOT NULL DEFAULT '0',
  `artifactAppearanceId` int(10) unsigned NOT NULL DEFAULT '0',
  `artifactTierId` int(10) unsigned NOT NULL DEFAULT '0',
  PRIMARY KEY (`itemGuid`)
) ENGINE=InnoDB DEFAULT CHARSET=utf8;

/*Data for the table `item_instance_artifact` */

/*Table structure for table `item_instance_artifact_powers` */

DROP TABLE IF EXISTS `item_instance_artifact_powers`;

CREATE TABLE `item_instance_artifact_powers` (
  `itemGuid` bigint(20) unsigned NOT NULL,
  `artifactPowerId` int(10) unsigned NOT NULL,
  `purchasedRank` tinyint(3) unsigned DEFAULT '0',
  PRIMARY KEY (`itemGuid`,`artifactPowerId`)
) ENGINE=InnoDB DEFAULT CHARSET=utf8;

/*Data for the table `item_instance_artifact_powers` */

/*Table structure for table `item_instance_azerite` */

DROP TABLE IF EXISTS `item_instance_azerite`;

CREATE TABLE `item_instance_azerite` (
  `itemGuid` bigint(20) unsigned NOT NULL,
  `xp` int(10) unsigned NOT NULL DEFAULT '0',
  `level` int(10) unsigned NOT NULL DEFAULT '0',
  PRIMARY KEY (`itemGuid`) USING BTREE
) ENGINE=InnoDB DEFAULT CHARSET=utf8 ROW_FORMAT=COMPACT;

/*Data for the table `item_instance_azerite` */

/*Table structure for table `item_instance_gems` */

DROP TABLE IF EXISTS `item_instance_gems`;

CREATE TABLE `item_instance_gems` (
  `itemGuid` bigint(20) unsigned NOT NULL,
  `gemItemId1` int(10) unsigned NOT NULL DEFAULT '0',
  `gemBonuses1` text,
  `gemContext1` tinyint(3) unsigned NOT NULL DEFAULT '0',
  `gemScalingLevel1` int(10) unsigned NOT NULL DEFAULT '0',
  `gemItemId2` int(10) unsigned NOT NULL DEFAULT '0',
  `gemBonuses2` text,
  `gemContext2` tinyint(3) unsigned NOT NULL DEFAULT '0',
  `gemScalingLevel2` int(10) unsigned NOT NULL DEFAULT '0',
  `gemItemId3` int(10) unsigned NOT NULL DEFAULT '0',
  `gemBonuses3` text,
  `gemContext3` tinyint(3) unsigned NOT NULL DEFAULT '0',
  `gemScalingLevel3` int(10) unsigned NOT NULL DEFAULT '0',
  PRIMARY KEY (`itemGuid`)
) ENGINE=InnoDB DEFAULT CHARSET=utf8;

/*Data for the table `item_instance_gems` */

/*Table structure for table `item_instance_modifiers` */

DROP TABLE IF EXISTS `item_instance_modifiers`;

CREATE TABLE `item_instance_modifiers` (
  `itemGuid` bigint(20) unsigned NOT NULL,
  `fixedScalingLevel` int(10) unsigned DEFAULT '0',
  `artifactKnowledgeLevel` int(10) unsigned DEFAULT '0',
  `challengeId` int(10) unsigned NOT NULL DEFAULT '0',
  `challengeLevel` int(10) unsigned NOT NULL DEFAULT '0',
  `challengeAffix1` int(10) unsigned NOT NULL DEFAULT '0',
  `challengeAffix2` int(10) unsigned NOT NULL DEFAULT '0',
  `challengeAffix3` int(10) unsigned NOT NULL DEFAULT '0',
  `challengeIsCharged` int(10) unsigned NOT NULL DEFAULT '0',
  PRIMARY KEY (`itemGuid`)
) ENGINE=InnoDB DEFAULT CHARSET=utf8;

/*Data for the table `item_instance_modifiers` */

/*Table structure for table `item_instance_transmog` */

DROP TABLE IF EXISTS `item_instance_transmog`;

CREATE TABLE `item_instance_transmog` (
  `itemGuid` bigint(20) unsigned NOT NULL,
  `itemModifiedAppearanceAllSpecs` int(11) NOT NULL DEFAULT '0',
  `itemModifiedAppearanceSpec1` int(11) NOT NULL DEFAULT '0',
  `itemModifiedAppearanceSpec2` int(11) NOT NULL DEFAULT '0',
  `itemModifiedAppearanceSpec3` int(11) NOT NULL DEFAULT '0',
  `itemModifiedAppearanceSpec4` int(11) NOT NULL DEFAULT '0',
  `spellItemEnchantmentAllSpecs` int(11) NOT NULL DEFAULT '0',
  `spellItemEnchantmentSpec1` int(11) NOT NULL DEFAULT '0',
  `spellItemEnchantmentSpec2` int(11) NOT NULL DEFAULT '0',
  `spellItemEnchantmentSpec3` int(11) NOT NULL DEFAULT '0',
  `spellItemEnchantmentSpec4` int(11) NOT NULL DEFAULT '0',
  PRIMARY KEY (`itemGuid`)
) ENGINE=InnoDB DEFAULT CHARSET=utf8;

/*Data for the table `item_instance_transmog` */

/*Table structure for table `item_loot_items` */

DROP TABLE IF EXISTS `item_loot_items`;

CREATE TABLE `item_loot_items` (
  `container_id` bigint(20) unsigned NOT NULL DEFAULT '0' COMMENT 'guid of container (item_instance.guid)',
  `item_id` int(10) unsigned NOT NULL DEFAULT '0' COMMENT 'loot item entry (item_instance.itemEntry)',
  `item_count` int(10) NOT NULL DEFAULT '0' COMMENT 'stack size',
  `follow_rules` tinyint(1) NOT NULL DEFAULT '0' COMMENT 'follow loot rules',
  `ffa` tinyint(1) NOT NULL DEFAULT '0' COMMENT 'free-for-all',
  `blocked` tinyint(1) NOT NULL DEFAULT '0',
  `counted` tinyint(1) NOT NULL DEFAULT '0',
  `under_threshold` tinyint(1) NOT NULL DEFAULT '0',
  `needs_quest` tinyint(1) NOT NULL DEFAULT '0' COMMENT 'quest drop',
  `rnd_type` tinyint(3) unsigned NOT NULL DEFAULT '0' COMMENT 'random enchantment type',
  `rnd_prop` int(10) unsigned NOT NULL DEFAULT '0' COMMENT 'random enchantment added when originally rolled',
  `rnd_suffix` int(10) NOT NULL DEFAULT '0' COMMENT 'random suffix added when originally rolled',
  `context` tinyint(3) unsigned NOT NULL DEFAULT '0',
  `bonus_list_ids` text COMMENT 'Space separated list of bonus list ids',
  PRIMARY KEY (`container_id`,`item_id`)
) ENGINE=InnoDB DEFAULT CHARSET=utf8;

/*Data for the table `item_loot_items` */

/*Table structure for table `item_loot_money` */

DROP TABLE IF EXISTS `item_loot_money`;

CREATE TABLE `item_loot_money` (
  `container_id` bigint(20) NOT NULL DEFAULT '0' COMMENT 'guid of container (item_instance.guid)',
  `money` int(10) NOT NULL DEFAULT '0' COMMENT 'money loot (in copper)',
  PRIMARY KEY (`container_id`)
) ENGINE=InnoDB DEFAULT CHARSET=utf8;

/*Data for the table `item_loot_money` */

/*Table structure for table `item_refund_instance` */

DROP TABLE IF EXISTS `item_refund_instance`;

CREATE TABLE `item_refund_instance` (
  `item_guid` bigint(20) unsigned NOT NULL COMMENT 'Item GUID',
  `player_guid` bigint(20) unsigned NOT NULL COMMENT 'Player GUID',
  `paidMoney` bigint(20) unsigned NOT NULL DEFAULT '0',
  `paidExtendedCost` smallint(5) unsigned NOT NULL DEFAULT '0',
  PRIMARY KEY (`item_guid`,`player_guid`)
) ENGINE=InnoDB DEFAULT CHARSET=utf8 COMMENT='Item Refund System';

/*Data for the table `item_refund_instance` */

/*Table structure for table `item_soulbound_trade_data` */

DROP TABLE IF EXISTS `item_soulbound_trade_data`;

CREATE TABLE `item_soulbound_trade_data` (
  `itemGuid` bigint(20) unsigned NOT NULL COMMENT 'Item GUID',
  `allowedPlayers` text NOT NULL COMMENT 'Space separated GUID list of players who can receive this item in trade',
  PRIMARY KEY (`itemGuid`)
) ENGINE=InnoDB DEFAULT CHARSET=utf8 COMMENT='Item Refund System';

/*Data for the table `item_soulbound_trade_data` */

/*Table structure for table `lfg_data` */

DROP TABLE IF EXISTS `lfg_data`;

CREATE TABLE `lfg_data` (
  `guid` int(10) unsigned NOT NULL DEFAULT '0' COMMENT 'Global Unique Identifier',
  `dungeon` int(10) unsigned NOT NULL DEFAULT '0',
  `state` tinyint(3) unsigned NOT NULL DEFAULT '0',
  PRIMARY KEY (`guid`)
) ENGINE=InnoDB DEFAULT CHARSET=utf8 COMMENT='LFG Data';

/*Data for the table `lfg_data` */

/*Table structure for table `log_gm` */

DROP TABLE IF EXISTS `log_gm`;

CREATE TABLE `log_gm` (
  `id` bigint(20) unsigned NOT NULL AUTO_INCREMENT,
  `date` datetime DEFAULT NULL,
  `gm_account_id` bigint(20) DEFAULT NULL,
  `gm_account_name` blob,
  `gm_character_id` bigint(20) DEFAULT NULL,
  `gm_character_name` blob,
  `gm_ip` text,
  `target_account_id` bigint(20) DEFAULT NULL,
  `target_account_name` blob,
  `target_character_id` bigint(20) DEFAULT NULL,
  `target_character_name` blob,
  `target_ip` text,
  `command` blob,
  PRIMARY KEY (`id`)
) ENGINE=InnoDB DEFAULT CHARSET=utf8mb4;

/*Data for the table `log_gm` */

/*Table structure for table `mail` */

DROP TABLE IF EXISTS `mail`;

CREATE TABLE `mail` (
  `id` int(10) unsigned NOT NULL DEFAULT '0' COMMENT 'Identifier',
  `messageType` tinyint(3) unsigned NOT NULL DEFAULT '0',
  `stationery` tinyint(3) NOT NULL DEFAULT '41',
  `mailTemplateId` smallint(5) unsigned NOT NULL DEFAULT '0',
  `sender` bigint(20) unsigned NOT NULL DEFAULT '0' COMMENT 'Character Global Unique Identifier',
  `receiver` bigint(20) unsigned NOT NULL DEFAULT '0' COMMENT 'Character Global Unique Identifier',
  `subject` longtext,
  `body` longtext,
  `has_items` tinyint(3) unsigned NOT NULL DEFAULT '0',
  `expire_time` int(10) unsigned NOT NULL DEFAULT '0',
  `deliver_time` int(10) unsigned NOT NULL DEFAULT '0',
  `money` bigint(20) unsigned NOT NULL DEFAULT '0',
  `cod` bigint(20) unsigned NOT NULL DEFAULT '0',
  `checked` tinyint(3) unsigned NOT NULL DEFAULT '0',
  PRIMARY KEY (`id`),
  KEY `idx_receiver` (`receiver`)
) ENGINE=InnoDB DEFAULT CHARSET=utf8 COMMENT='Mail System';

/*Data for the table `mail` */

insert  into `mail`(`id`,`messageType`,`stationery`,`mailTemplateId`,`sender`,`receiver`,`subject`,`body`,`has_items`,`expire_time`,`deliver_time`,`money`,`cod`,`checked`) values 
(14,3,41,0,32842,2,'WoW\'s 4th anniversary!','Do you know that the World of Warcraft is now four years old? $B$BWe wanted to send you something to say thanks for sharing this game with us. Sure, the 4th anniversary present is traditionally \"flowers\"... but in WoW, it\'s \"bear\". $B$BWith that said, please accept this furry little friend! Just remember to hold his fish by the tail, not the body... that mouth is bigger than it looks. $B$BThe WoW Dev Team.',1,1563378629,1560786629,0,0,0),
(15,3,41,0,24380,2,'Jade Tiger','',1,1563378629,1560786629,0,0,0),
(16,3,41,0,32842,2,'WoW\'s 5th anniversary!','Wow, another year has gone by for WoW! $B$BWe wanted to thank you again for continuing to play World of Warcraft with us. In celebration of our 5th year online, we decided to bring back our first raid encounter, the black dragon Onyxia. $B$BTo help remember the event, you are now the proud owner of your very own Onyxian Whelpling. We suggest you bring the little guy out whenever you can and say, \"Many whelps! Handle it!\" Your friends won\'t mind. Honest. $B$BThe WoW Dev Team.',1,1563378629,1560786629,0,0,0),
(17,3,41,0,32842,2,'WoW\'s 7th Anniversary!','Wow, yet another year has gone by for WoW! $B$BWe wanted to thank you again for continuing to play World of Warcraft with us. With the return of a certain large dragon, this has been a rough year for the world of Azeroth. On the other hand, that means heroes like you are needed more than ever. $B$BGet out there and defend a shattered world! $B$BThe WoW Dev Team.',1,1563378629,1560786629,0,0,0),
(18,3,41,0,32842,2,'WoW\'s 8th Anniversary!','Wow, yet another year has gone by for WoW! $B$BWe wanted to thank you again for continuing to play World of Warcraft with us. With the return of a certain large dragon, this has been a rough year for the world of Azeroth. On the other hand, that means heroes like you are needed more than ever. $B$BGet out there and defend a shattered world! $B$BThe WoW Dev Team.',1,1563378629,1560786629,0,0,0),
(19,3,41,0,32842,2,'WoW\'s 9th Anniversary!','Wow, yet another year has gone by for WoW! $B$BWe wanted to thank you for continuing to play World of Warcraft with us. So here\'s a little celebration package to go with your adventures! $B$BThe WoW Dev Team.',1,1563378629,1560786629,0,0,0),
(20,3,41,0,32842,2,'WoW\'s 10th Anniversary','Can you believe it\'s been ten years? $B$BWe wanted to thank you for joining us in our celebration of the tenth anniversary of World of Warcraft with this adorable fiery fellow. Plucked from the Firelord\'s litter. $B$BThe Wow Dev Team.',1,1563378629,1560786629,0,0,0),
(21,3,41,0,24380,2,'Warlord\'s Deathwheel','',1,1563378629,1560786629,0,0,0),
(22,3,41,0,32842,2,'WoW\'s 11th Anniversary!','Wow, yet another year has gone by for WoW! $B$BWe wanted to thank you for continuing to play World of Warcraft With us, so here\'s an Anniversary Gift to go with your adventures! $B$BThe WoW Dev Team.',1,1563378629,1560786629,0,0,0),
(23,3,41,0,32842,2,'WoW\'s 12th Anniversary!','Wow, yet another year has gone by for WoW! $B$BWe wanted to thank you for continuing to play World of Warcraft With us, so here\'s an Anniversary Gift to go with your adventures! $B$BThe WoW Dev Team.',1,1563378629,1560786629,0,0,0),
(24,3,41,0,92219,2,'For the Alliance!','Decades ago, bloodthristy invaders emerged from the Dark Portal, rampaging through our lands and threatening our very existence. But with might, cunning, and a resolve that forged the Alliance amidst the flames of destruction. Our champions drove them back. Take these arms and bear them with pride. for you are a champion of the alliance!',1,1563378629,1560786629,0,0,0),
(25,3,41,0,89753,2,'For the Horde!','We Orcs came to this world decades ago, driven by demonic bloodlust. Pillaging and carving a swath of destruction. Now free of the blood curse. We stand proudly alongside the greatest warriors of azeroth. Defending family and homeland with our dying breath. But we must never forget that dark past. Lest it overtake us once again.Take these arms as a reminder of our origins, the foe we now face, and what it means to be of Horde, Lok\'tar Ogar!',1,1563378629,1560786629,0,0,0),
(26,3,41,0,32842,2,'WoW\'s 13th Anniversary!','Wow, yet another year has gone by for WoW! $B$BWe wanted to thank you for continuing to play World of Warcraft With us, so here\'s an Anniversary Gift to go with your adventures! $B$BThe WoW Dev Team.',1,1563378629,1560786629,0,0,0),
(27,3,41,0,32842,3,'WoW\'s 4th anniversary!','Do you know that the World of Warcraft is now four years old? $B$BWe wanted to send you something to say thanks for sharing this game with us. Sure, the 4th anniversary present is traditionally \"flowers\"... but in WoW, it\'s \"bear\". $B$BWith that said, please accept this furry little friend! Just remember to hold his fish by the tail, not the body... that mouth is bigger than it looks. $B$BThe WoW Dev Team.',1,1563379109,1560787109,0,0,0),
(28,3,41,0,24380,3,'Jade Tiger','',1,1563379109,1560787109,0,0,0),
(29,3,41,0,32842,3,'WoW\'s 5th anniversary!','Wow, another year has gone by for WoW! $B$BWe wanted to thank you again for continuing to play World of Warcraft with us. In celebration of our 5th year online, we decided to bring back our first raid encounter, the black dragon Onyxia. $B$BTo help remember the event, you are now the proud owner of your very own Onyxian Whelpling. We suggest you bring the little guy out whenever you can and say, \"Many whelps! Handle it!\" Your friends won\'t mind. Honest. $B$BThe WoW Dev Team.',1,1563379109,1560787109,0,0,0),
(30,3,41,0,32842,3,'WoW\'s 7th Anniversary!','Wow, yet another year has gone by for WoW! $B$BWe wanted to thank you again for continuing to play World of Warcraft with us. With the return of a certain large dragon, this has been a rough year for the world of Azeroth. On the other hand, that means heroes like you are needed more than ever. $B$BGet out there and defend a shattered world! $B$BThe WoW Dev Team.',1,1563379109,1560787109,0,0,0),
(31,3,41,0,32842,3,'WoW\'s 8th Anniversary!','Wow, yet another year has gone by for WoW! $B$BWe wanted to thank you again for continuing to play World of Warcraft with us. With the return of a certain large dragon, this has been a rough year for the world of Azeroth. On the other hand, that means heroes like you are needed more than ever. $B$BGet out there and defend a shattered world! $B$BThe WoW Dev Team.',1,1563379109,1560787109,0,0,0),
(32,3,41,0,32842,3,'WoW\'s 9th Anniversary!','Wow, yet another year has gone by for WoW! $B$BWe wanted to thank you for continuing to play World of Warcraft with us. So here\'s a little celebration package to go with your adventures! $B$BThe WoW Dev Team.',1,1563379109,1560787109,0,0,0),
(33,3,41,0,32842,3,'WoW\'s 10th Anniversary','Can you believe it\'s been ten years? $B$BWe wanted to thank you for joining us in our celebration of the tenth anniversary of World of Warcraft with this adorable fiery fellow. Plucked from the Firelord\'s litter. $B$BThe Wow Dev Team.',1,1563379109,1560787109,0,0,0),
(34,3,41,0,24380,3,'Warlord\'s Deathwheel','',1,1563379109,1560787109,0,0,0),
(35,3,41,0,32842,3,'WoW\'s 11th Anniversary!','Wow, yet another year has gone by for WoW! $B$BWe wanted to thank you for continuing to play World of Warcraft With us, so here\'s an Anniversary Gift to go with your adventures! $B$BThe WoW Dev Team.',1,1563379109,1560787109,0,0,0),
(36,3,41,0,32842,3,'WoW\'s 12th Anniversary!','Wow, yet another year has gone by for WoW! $B$BWe wanted to thank you for continuing to play World of Warcraft With us, so here\'s an Anniversary Gift to go with your adventures! $B$BThe WoW Dev Team.',1,1563379109,1560787109,0,0,0),
(37,3,41,0,92219,3,'For the Alliance!','Decades ago, bloodthristy invaders emerged from the Dark Portal, rampaging through our lands and threatening our very existence. But with might, cunning, and a resolve that forged the Alliance amidst the flames of destruction. Our champions drove them back. Take these arms and bear them with pride. for you are a champion of the alliance!',1,1563379109,1560787109,0,0,0),
(38,3,41,0,89753,3,'For the Horde!','We Orcs came to this world decades ago, driven by demonic bloodlust. Pillaging and carving a swath of destruction. Now free of the blood curse. We stand proudly alongside the greatest warriors of azeroth. Defending family and homeland with our dying breath. But we must never forget that dark past. Lest it overtake us once again.Take these arms as a reminder of our origins, the foe we now face, and what it means to be of Horde, Lok\'tar Ogar!',1,1563379109,1560787109,0,0,0),
(39,3,41,0,32842,3,'WoW\'s 13th Anniversary!','Wow, yet another year has gone by for WoW! $B$BWe wanted to thank you for continuing to play World of Warcraft With us, so here\'s an Anniversary Gift to go with your adventures! $B$BThe WoW Dev Team.',1,1563379109,1560787109,0,0,0);

/*Table structure for table `mail_items` */

DROP TABLE IF EXISTS `mail_items`;

CREATE TABLE `mail_items` (
  `mail_id` int(10) unsigned NOT NULL DEFAULT '0',
  `item_guid` bigint(20) unsigned NOT NULL DEFAULT '0',
  `receiver` bigint(20) unsigned NOT NULL DEFAULT '0' COMMENT 'Character Global Unique Identifier',
  PRIMARY KEY (`item_guid`),
  KEY `idx_receiver` (`receiver`),
  KEY `idx_mail_id` (`mail_id`)
) ENGINE=InnoDB DEFAULT CHARSET=utf8;

/*Data for the table `mail_items` */

insert  into `mail_items`(`mail_id`,`item_guid`,`receiver`) values 
(14,50,2),
(15,51,2),
(16,52,2),
(17,53,2),
(18,54,2),
(19,55,2),
(20,56,2),
(21,57,2),
(22,58,2),
(23,59,2),
(24,60,2),
(25,61,2),
(26,62,2),
(27,75,3),
(28,76,3),
(29,77,3),
(30,78,3),
(31,79,3),
(32,80,3),
(33,81,3),
(34,82,3),
(35,83,3),
(36,84,3),
(37,85,3),
(38,86,3),
(39,87,3);

/*Table structure for table `pet_aura` */

DROP TABLE IF EXISTS `pet_aura`;

CREATE TABLE `pet_aura` (
  `guid` int(10) unsigned NOT NULL COMMENT 'Global Unique Identifier',
  `casterGuid` binary(16) NOT NULL COMMENT 'Full Global Unique Identifier',
  `spell` int(10) unsigned NOT NULL,
  `effectMask` int(10) unsigned NOT NULL,
  `recalculateMask` int(10) unsigned NOT NULL DEFAULT '0',
  `stackCount` tinyint(3) unsigned NOT NULL DEFAULT '1',
  `maxDuration` int(11) NOT NULL DEFAULT '0',
  `remainTime` int(11) NOT NULL DEFAULT '0',
  `remainCharges` tinyint(3) unsigned NOT NULL DEFAULT '0',
  PRIMARY KEY (`guid`,`spell`,`effectMask`)
) ENGINE=InnoDB DEFAULT CHARSET=utf8 COMMENT='Pet System';

/*Data for the table `pet_aura` */

/*Table structure for table `pet_aura_effect` */

DROP TABLE IF EXISTS `pet_aura_effect`;

CREATE TABLE `pet_aura_effect` (
  `guid` int(10) unsigned NOT NULL COMMENT 'Global Unique Identifier',
  `casterGuid` binary(16) NOT NULL COMMENT 'Full Global Unique Identifier',
  `spell` int(10) unsigned NOT NULL,
  `effectMask` int(10) unsigned NOT NULL,
  `effectIndex` tinyint(3) unsigned NOT NULL,
  `amount` int(11) NOT NULL DEFAULT '0',
  `baseAmount` int(11) NOT NULL DEFAULT '0',
  PRIMARY KEY (`guid`,`casterGuid`,`spell`,`effectMask`,`effectIndex`)
) ENGINE=InnoDB DEFAULT CHARSET=utf8 COMMENT='Pet System';

/*Data for the table `pet_aura_effect` */

/*Table structure for table `pet_spell` */

DROP TABLE IF EXISTS `pet_spell`;

CREATE TABLE `pet_spell` (
  `guid` int(10) unsigned NOT NULL DEFAULT '0' COMMENT 'Global Unique Identifier',
  `spell` mediumint(8) unsigned NOT NULL DEFAULT '0' COMMENT 'Spell Identifier',
  `active` tinyint(3) unsigned NOT NULL DEFAULT '0',
  PRIMARY KEY (`guid`,`spell`)
) ENGINE=InnoDB DEFAULT CHARSET=utf8 COMMENT='Pet System';

/*Data for the table `pet_spell` */

/*Table structure for table `pet_spell_charges` */

DROP TABLE IF EXISTS `pet_spell_charges`;

CREATE TABLE `pet_spell_charges` (
  `guid` int(10) unsigned NOT NULL,
  `categoryId` int(10) unsigned NOT NULL DEFAULT '0' COMMENT 'SpellCategory.dbc Identifier',
  `rechargeStart` int(10) unsigned NOT NULL DEFAULT '0',
  `rechargeEnd` int(10) unsigned NOT NULL DEFAULT '0',
  KEY `idx_guid` (`guid`) USING BTREE
) ENGINE=InnoDB DEFAULT CHARSET=utf8;

/*Data for the table `pet_spell_charges` */

/*Table structure for table `pet_spell_cooldown` */

DROP TABLE IF EXISTS `pet_spell_cooldown`;

CREATE TABLE `pet_spell_cooldown` (
  `guid` int(10) unsigned NOT NULL DEFAULT '0' COMMENT 'Global Unique Identifier, Low part',
  `spell` int(10) unsigned NOT NULL DEFAULT '0' COMMENT 'Spell Identifier',
  `time` int(10) unsigned NOT NULL DEFAULT '0',
  `categoryId` int(10) unsigned NOT NULL DEFAULT '0' COMMENT 'Spell category Id',
  `categoryEnd` int(10) unsigned NOT NULL DEFAULT '0',
  PRIMARY KEY (`guid`,`spell`)
) ENGINE=InnoDB DEFAULT CHARSET=utf8;

/*Data for the table `pet_spell_cooldown` */

/*Table structure for table `petition` */

DROP TABLE IF EXISTS `petition`;

CREATE TABLE `petition` (
  `ownerguid` bigint(20) unsigned NOT NULL,
  `petitionguid` bigint(20) unsigned DEFAULT '0',
  `name` varchar(24) NOT NULL,
  PRIMARY KEY (`ownerguid`),
  UNIQUE KEY `index_ownerguid_petitionguid` (`ownerguid`,`petitionguid`)
) ENGINE=InnoDB DEFAULT CHARSET=utf8 COMMENT='Guild System';

/*Data for the table `petition` */

/*Table structure for table `petition_sign` */

DROP TABLE IF EXISTS `petition_sign`;

CREATE TABLE `petition_sign` (
  `ownerguid` bigint(20) unsigned NOT NULL,
  `petitionguid` bigint(20) unsigned NOT NULL DEFAULT '0',
  `playerguid` bigint(20) unsigned NOT NULL DEFAULT '0',
  `player_account` int(10) unsigned NOT NULL DEFAULT '0',
  PRIMARY KEY (`petitionguid`,`playerguid`),
  KEY `Idx_playerguid` (`playerguid`),
  KEY `Idx_ownerguid` (`ownerguid`)
) ENGINE=InnoDB DEFAULT CHARSET=utf8 COMMENT='Guild System';

/*Data for the table `petition_sign` */

/*Table structure for table `pool_quest_save` */

DROP TABLE IF EXISTS `pool_quest_save`;

CREATE TABLE `pool_quest_save` (
  `pool_id` int(10) unsigned NOT NULL DEFAULT '0',
  `quest_id` int(10) unsigned NOT NULL DEFAULT '0',
  PRIMARY KEY (`pool_id`,`quest_id`)
) ENGINE=InnoDB DEFAULT CHARSET=utf8;

/*Data for the table `pool_quest_save` */

insert  into `pool_quest_save`(`pool_id`,`quest_id`) values 
(346,29346),
(347,26572),
(348,25155),
(349,25161),
(350,26414),
(351,26183),
(352,29353),
(353,29343),
(354,29358),
(355,29315),
(356,29361),
(357,29316),
(358,29324),
(359,11381),
(360,11668),
(361,13830),
(362,13102),
(363,12963),
(364,31337);

/*Table structure for table `pvpstats_battlegrounds` */

DROP TABLE IF EXISTS `pvpstats_battlegrounds`;

CREATE TABLE `pvpstats_battlegrounds` (
  `id` bigint(20) unsigned NOT NULL AUTO_INCREMENT,
  `winner_faction` tinyint(4) NOT NULL,
  `bracket_id` tinyint(3) unsigned NOT NULL,
  `type` tinyint(3) unsigned NOT NULL,
  `date` datetime NOT NULL,
  PRIMARY KEY (`id`)
) ENGINE=InnoDB DEFAULT CHARSET=utf8;

/*Data for the table `pvpstats_battlegrounds` */

/*Table structure for table `pvpstats_players` */

DROP TABLE IF EXISTS `pvpstats_players`;

CREATE TABLE `pvpstats_players` (
  `battleground_id` bigint(20) unsigned NOT NULL,
  `character_guid` bigint(20) unsigned NOT NULL,
  `winner` bit(1) NOT NULL,
  `score_killing_blows` int(10) unsigned NOT NULL,
  `score_deaths` int(10) unsigned NOT NULL,
  `score_honorable_kills` int(10) unsigned NOT NULL,
  `score_bonus_honor` int(10) unsigned NOT NULL,
  `score_damage_done` int(10) unsigned NOT NULL,
  `score_healing_done` int(10) unsigned NOT NULL,
  `attr_1` int(10) unsigned NOT NULL,
  `attr_2` int(10) unsigned NOT NULL,
  `attr_3` int(10) unsigned NOT NULL,
  `attr_4` int(10) unsigned NOT NULL,
  `attr_5` int(10) unsigned NOT NULL,
  PRIMARY KEY (`battleground_id`,`character_guid`)
) ENGINE=InnoDB DEFAULT CHARSET=utf8;

/*Data for the table `pvpstats_players` */

/*Table structure for table `quest_tracker` */

DROP TABLE IF EXISTS `quest_tracker`;

CREATE TABLE `quest_tracker` (
  `id` mediumint(8) unsigned NOT NULL DEFAULT '0',
  `character_guid` bigint(20) unsigned NOT NULL DEFAULT '0',
  `quest_accept_time` datetime NOT NULL,
  `quest_complete_time` datetime DEFAULT NULL,
  `quest_abandon_time` datetime DEFAULT NULL,
  `completed_by_gm` tinyint(1) NOT NULL DEFAULT '0',
  `core_hash` varchar(120) NOT NULL DEFAULT '0',
  `core_revision` varchar(120) NOT NULL DEFAULT '0',
  PRIMARY KEY (`id`,`character_guid`)
) ENGINE=InnoDB DEFAULT CHARSET=utf8;

/*Data for the table `quest_tracker` */

/*Table structure for table `reserved_name` */

DROP TABLE IF EXISTS `reserved_name`;

CREATE TABLE `reserved_name` (
  `name` varchar(12) NOT NULL DEFAULT '',
  PRIMARY KEY (`name`)
) ENGINE=InnoDB DEFAULT CHARSET=utf8 COMMENT='Player Reserved Names';

/*Data for the table `reserved_name` */

/*Table structure for table `updates` */

DROP TABLE IF EXISTS `updates`;

CREATE TABLE `updates` (
  `name` varchar(200) NOT NULL COMMENT 'filename with extension of the update.',
  `hash` char(40) DEFAULT '' COMMENT 'sha1 hash of the sql file.',
  `state` enum('RELEASED','ARCHIVED') NOT NULL DEFAULT 'RELEASED' COMMENT 'defines if an update is released or archived.',
  `timestamp` timestamp NOT NULL DEFAULT CURRENT_TIMESTAMP COMMENT 'timestamp when the query was applied.',
  `speed` int(10) unsigned NOT NULL DEFAULT '0' COMMENT 'time the query takes to apply in ms.',
  PRIMARY KEY (`name`)
) ENGINE=MyISAM DEFAULT CHARSET=utf8 COMMENT='List of all applied updates in this database.';

/*Data for the table `updates` */

insert  into `updates`(`name`,`hash`,`state`,`timestamp`,`speed`) values 
('2018_12_02_01_characters_archaeology.sql','B4522B1E072B8D232861A147344E0A6B97C1EB90','RELEASED','2018-12-06 00:21:59',55),
('2018_12_02_02_characters_azeriteitems.sql','9BE3A78C0B2D47E4FF7A3773D864FFDA37FDCF60','RELEASED','2018-12-06 00:21:59',135),
('2019_04_23_00_characters_arena_data.sql','655C607B2ACFF72B2EA3B36FB6E9F5BF11DA722C','RELEASED','2019-05-09 08:43:33',2737);

/*Table structure for table `updates_include` */

DROP TABLE IF EXISTS `updates_include`;

CREATE TABLE `updates_include` (
  `path` varchar(200) NOT NULL COMMENT 'directory to include. $ means relative to the source directory.',
  `state` enum('RELEASED','ARCHIVED') NOT NULL DEFAULT 'RELEASED' COMMENT 'defines if the directory contains released or archived updates.',
  PRIMARY KEY (`path`)
) ENGINE=MyISAM DEFAULT CHARSET=utf8 COMMENT='List of directories where we want to include sql updates.';

/*Data for the table `updates_include` */

insert  into `updates_include`(`path`,`state`) values 
('$/sql/ashamane/characters','RELEASED');

/*Table structure for table `warden_action` */

DROP TABLE IF EXISTS `warden_action`;

CREATE TABLE `warden_action` (
  `wardenId` smallint(5) unsigned NOT NULL,
  `action` tinyint(3) unsigned DEFAULT NULL,
  PRIMARY KEY (`wardenId`)
) ENGINE=InnoDB DEFAULT CHARSET=utf8;

/*Data for the table `warden_action` */

/*Table structure for table `world_quest` */

DROP TABLE IF EXISTS `world_quest`;

CREATE TABLE `world_quest` (
  `id` int(10) unsigned NOT NULL,
  `rewardid` int(10) unsigned NOT NULL,
  `starttime` int(10) unsigned NOT NULL,
  PRIMARY KEY (`id`)
) ENGINE=InnoDB DEFAULT CHARSET=latin1;

/*Data for the table `world_quest` */

insert  into `world_quest`(`id`,`rewardid`,`starttime`) values 
(40280,56,1560785876),
(40390,59,1560785876),
(41025,34,1560785876),
(41091,0,1560785876),
(41095,33,1560785876),
(41272,83,1560785876),
(41275,83,1560785876),
(41286,22,1560785876),
(41288,46,1560785876),
(41295,22,1560785876),
(41333,21,1560785876),
(41337,21,1560785876),
(41515,22,1560785876),
(41519,22,1560785876),
(41564,21,1560785876),
(41582,85,1560785876),
(41648,0,1560785876),
(41672,0,1560785876),
(41678,0,1560785876),
(41881,56,1560785876),
(41914,45,1560785876),
(41931,56,1560785876),
(41944,56,1560785876),
(41996,40,1560785876),
(42004,32,1560785876),
(42015,36,1560785876),
(42023,80,1560785876),
(42145,47,1560785876),
(42190,45,1560785876),
(42243,13,1560785876),
(42277,53,1560785876),
(42421,0,1560785876),
(42620,65,1560785876),
(42633,76,1560785876),
(42924,13,1560785876),
(42963,0,1560785876),
(43179,0,1560785876),
(43193,11,1560785876),
(43436,51,1560785876),
(43453,1,1560785876),
(43477,0,1560785876),
(43513,54,1560785876),
(43605,59,1560785876),
(43628,26,1560785876),
(43632,57,1560785876),
(43638,13,1560785876),
(43712,13,1560785876),
(43959,0,1560785876),
(44011,34,1560785876),
(44303,68,1560785876),
(44748,65,1560785876),
(44813,73,1560785876),
(44895,73,1560785876),
(45032,31,1560785876),
(45541,58,1560785876),
(45793,81,1560785876),
(46160,2,1560785876),
(46192,0,1560785876),
(46196,0,1560785876),
(46262,0,1560785876),
(46288,0,1560785876),
(46500,67,1560785876),
(46833,81,1560785876),
(48094,31,1560785876),
(48102,53,1560785876),
(48323,89,1560785876),
(48363,84,1560785876),
(48642,0,1560785876),
(48687,0,1560785876),
(48731,0,1560785876),
(48733,0,1560785876),
(48736,0,1560785876),
(48777,73,1560785876),
(48827,0,1560785876),
(48831,0,1560785876),
(48836,0,1560785876),
(48875,26,1560785876),
(48958,58,1560785876),
(49052,45,1560785876),
(49068,40,1560785876),
(49198,0,1560785876),
(49413,4,1560785876),
(50295,35,1560785876),
(50459,0,1560785876),
(50505,58,1560785876),
(50507,3,1560785876),
(50548,40,1560785876),
(50568,3,1560785876),
(50600,0,1560785876),
(50603,0,1560785876),
(50648,20,1560785876),
(50651,16,1560785876),
(50665,71,1560785876),
(50689,19,1560785876),
(50737,47,1560785876),
(50744,51,1560785876),
(50765,69,1560785876),
(50767,15,1560785876),
(50845,29,1560785876),
(50874,58,1560785876),
(50876,75,1560785876),
(50975,0,1560785876),
(50985,22,1560785876),
(50986,22,1560785876),
(50995,21,1560785876),
(50999,22,1560785876),
(51024,35,1560785876),
(51029,31,1560785876),
(51032,48,1560785876),
(51041,1,1560785876),
(51046,8,1560785876),
(51049,51,1560785876),
(51097,68,1560785876),
(51114,73,1560785876),
(51115,81,1560785876),
(51121,74,1560785876),
(51127,1,1560785876),
(51153,0,1560785876),
(51154,5,1560785876),
(51155,0,1560785876),
(51252,48,1560785876),
(51287,13,1560785876),
(51297,13,1560785876),
(51373,14,1560785876),
(51378,13,1560785876),
(51385,33,1560785876),
(51422,0,1560785876),
(51429,27,1560785876),
(51431,0,1560785876),
(51444,0,1560785876),
(51500,13,1560785876),
(51505,81,1560785876),
(51546,18,1560785876),
(51550,46,1560785876),
(51559,46,1560785876),
(51565,65,1560785876),
(51585,51,1560785876),
(51621,76,1560785876),
(51651,58,1560785876),
(51657,29,1560785876),
(51660,29,1560785876),
(51777,26,1560785876),
(51820,16,1560785876),
(51827,53,1560785876),
(51850,40,1560785876),
(51890,60,1560785876),
(51891,58,1560785876),
(51905,0,1560785876),
(51988,26,1560785876),
(51996,53,1560785876),
(52006,5,1560785876),
(52009,56,1560785876),
(52011,35,1560785876),
(52145,35,1560785876),
(52163,61,1560785876),
(52166,37,1560785876),
(52179,34,1560785876),
(52230,31,1560785876),
(52250,2,1560785876),
(52271,20,1560785876),
(52295,13,1560785876),
(52297,36,1560785876),
(52301,25,1560785876),
(52302,13,1560785876),
(52306,25,1560785876),
(52309,27,1560785876),
(52350,55,1560785876),
(52352,0,1560785876),
(52356,0,1560785876),
(52375,2,1560785876),
(52382,35,1560785876),
(52395,0,1560785876),
(52404,84,1560785876),
(52420,0,1560785876),
(52432,81,1560785876),
(52754,45,1560785876),
(52775,13,1560785876),
(52785,82,1560785876),
(52850,36,1560785876),
(52869,0,1560785876),
(52871,0,1560785876),
(52877,0,1560785876),
(52879,14,1560785876),
(52892,45,1560785876),
(52939,16,1560785876),
(52941,53,1560785876),
(53076,32,1560785876),
(53078,18,1560785876),
(53301,22,1560785876),
(53313,9,1560785876),
(53331,2,1560785876),
(53344,35,1560785876),
(53349,0,1560785876);

/*Table structure for table `worldstates` */

DROP TABLE IF EXISTS `worldstates`;

CREATE TABLE `worldstates` (
  `entry` int(10) unsigned NOT NULL DEFAULT '0',
  `value` int(10) unsigned NOT NULL DEFAULT '0',
  `comment` tinytext,
  PRIMARY KEY (`entry`)
) ENGINE=InnoDB DEFAULT CHARSET=utf8 COMMENT='Variable Saves';

/*Data for the table `worldstates` */

insert  into `worldstates`(`entry`,`value`,`comment`) values 
(1,0,NULL),
(2,0,NULL),
(3,1560785807,NULL),
(4,0,NULL),
(5,0,NULL),
(6,0,NULL),
(7,0,NULL),
(8,0,NULL),
(9,0,NULL),
(10,0,NULL),
(11,0,NULL),
(12,0,NULL),
(13,0,NULL),
(14,0,NULL),
(15,0,NULL),
(16,1560785807,NULL),
(17,0,NULL),
(18,0,NULL),
(19,1560785807,NULL),
(20,0,NULL),
(21,0,NULL),
(22,0,NULL),
(23,0,NULL),
(24,0,NULL),
(25,0,NULL),
(26,0,NULL),
(27,0,NULL),
(28,1560785807,NULL),
(29,0,NULL),
(30,0,NULL),
(31,0,NULL),
(32,0,NULL),
(33,0,NULL),
(34,0,NULL),
(35,0,NULL),
(36,0,NULL),
(37,0,NULL),
(38,0,NULL),
(39,0,NULL),
(40,0,NULL),
(41,0,NULL),
(42,1560785807,NULL),
(43,0,NULL),
(44,0,NULL),
(45,0,NULL),
(46,0,NULL),
(47,0,NULL),
(48,0,NULL),
(49,0,NULL),
(50,0,NULL),
(51,0,NULL),
(52,0,NULL),
(53,0,NULL),
(54,0,NULL),
(55,0,NULL),
(56,0,NULL),
(57,0,NULL),
(58,0,NULL),
(59,0,NULL),
(60,0,NULL),
(61,0,NULL),
(62,0,NULL),
(63,0,NULL),
(64,0,NULL),
(65,0,NULL),
(66,0,NULL),
(67,0,NULL),
(68,0,NULL),
(69,0,NULL),
(70,0,NULL),
(71,0,NULL),
(72,0,NULL),
(73,0,NULL),
(74,0,NULL),
(75,0,NULL),
(76,0,NULL),
(77,0,NULL),
(78,0,NULL),
(79,0,NULL),
(80,0,NULL),
(81,0,NULL),
(82,0,NULL),
(83,0,NULL),
(84,0,NULL),
(85,0,NULL),
(86,0,NULL),
(87,0,NULL),
(88,0,NULL),
(89,0,NULL),
(90,0,NULL),
(91,0,NULL),
(92,0,NULL),
(93,0,NULL),
(94,0,NULL),
(95,0,NULL),
(96,0,NULL),
(97,0,NULL),
(98,0,NULL),
(99,0,NULL),
(100,1560785807,NULL),
(101,0,NULL),
(102,0,NULL),
(103,0,NULL),
(104,0,NULL),
(105,0,NULL),
(106,0,NULL),
(107,0,NULL),
(108,0,NULL),
(109,0,NULL),
(110,0,NULL),
(111,0,NULL),
(112,0,NULL),
(113,0,NULL),
(114,0,NULL),
(115,0,NULL),
(116,0,NULL),
(117,0,NULL),
(118,0,NULL),
(119,0,NULL),
(120,0,NULL),
(121,0,NULL),
(122,0,NULL),
(123,0,NULL),
(124,0,NULL),
(125,0,NULL),
(126,0,NULL),
(127,0,NULL),
(128,0,NULL),
(129,0,NULL),
(130,0,NULL),
(131,0,NULL),
(132,0,NULL),
(133,0,NULL),
(134,0,NULL),
(135,0,NULL),
(136,0,NULL),
(137,0,NULL),
(138,0,NULL),
(139,0,NULL),
(140,0,NULL),
(141,0,NULL),
(142,0,NULL),
(143,0,NULL),
(144,0,NULL),
(145,0,NULL),
(146,0,NULL),
(147,0,NULL),
(148,0,NULL),
(149,0,NULL),
(150,0,NULL),
(151,0,NULL),
(152,0,NULL),
(153,0,NULL),
(154,0,NULL),
(155,0,NULL),
(156,0,NULL),
(157,0,NULL),
(158,0,NULL),
(159,0,NULL),
(160,0,NULL),
(161,0,NULL),
(162,0,NULL),
(163,0,NULL),
(164,0,NULL),
(165,0,NULL),
(166,0,NULL),
(167,0,NULL),
(168,0,NULL),
(169,0,NULL),
(170,0,NULL),
(171,0,NULL),
(172,0,NULL),
(173,0,NULL),
(174,0,NULL),
(175,0,NULL),
(176,0,NULL),
(177,0,NULL),
(178,0,NULL),
(179,0,NULL),
(180,0,NULL),
(181,0,NULL),
(182,0,NULL),
(183,0,NULL),
(184,0,NULL),
(185,0,NULL),
(186,0,NULL),
(187,0,NULL),
(188,0,NULL),
(189,0,NULL),
(190,0,NULL),
(191,0,NULL),
(192,0,NULL),
(193,0,NULL),
(194,0,NULL),
(195,0,NULL),
(196,0,NULL),
(197,0,NULL),
(198,0,NULL),
(199,0,NULL),
(200,0,NULL),
(3781,9000000,NULL),
(3801,0,NULL),
(3802,1,NULL),
(5332,600000,NULL),
(5334,1,NULL),
(5344,0,NULL),
(5384,0,NULL),
(5385,1,NULL),
(5387,1,NULL),
(5546,0,NULL),
(5547,0,NULL),
(20001,1561345200,NULL),
(20002,1561390615,NULL),
(20003,1560826800,NULL),
(20006,1560826800,NULL),
(20007,1561928400,NULL),
(20050,3,NULL);

/*!40101 SET SQL_MODE=@OLD_SQL_MODE */;
/*!40014 SET FOREIGN_KEY_CHECKS=@OLD_FOREIGN_KEY_CHECKS */;
/*!40014 SET UNIQUE_CHECKS=@OLD_UNIQUE_CHECKS */;
/*!40111 SET SQL_NOTES=@OLD_SQL_NOTES */;
